address_id,address,city,country,postal_code,source
ADDR_00000,232 Corporate Blvd,George Town,Bahamas,34739,Pandora Papers
ADDR_00001,217 Financial Ave,Panama City,Malta,65009,Panama Papers
ADDR_00002,1045 Business Rd,Hamilton,Malta,77107,Bahamas Leaks
ADDR_00003,8969 Business Rd,Hamilton,Malta,76799,Pandora Papers
ADDR_00004,9292 Corporate Blvd,George Town,Malta,17245,Pandora Papers
ADDR_00005,8005 Main St,Hamilton,Cayman Islands,91739,Pandora Papers
ADDR_00006,1824 Financial Ave,Nassau,Malta,82579,Panama Papers
ADDR_00007,6875 Business Rd,Road Town,Monaco,18139,Paradise Papers
ADDR_00008,7203 Business Rd,George Town,Luxembourg,74410,Pandora Papers
ADDR_00009,54 Business Rd,Road Town,Cyprus,30914,Offshore Leaks
ADDR_00010,2765 Business Rd,Road Town,Monaco,75702,Pandora Papers
ADDR_00011,3825 Business Rd,George Town,Switzerland,30533,Bahamas Leaks
ADDR_00012,7555 Corporate Blvd,Hamilton,Bermuda,66399,Bahamas Leaks
ADDR_00013,2569 Main St,Panama City,Switzerland,57373,Paradise Papers
ADDR_00014,4000 Main St,Nassau,Panama,22227,Bahamas Leaks
ADDR_00015,1554 Financial Ave,Nassau,British Virgin Islands,17642,Offshore Leaks
ADDR_00016,3694 Corporate Blvd,Road Town,Cyprus,80989,Offshore Leaks
ADDR_00017,2064 Corporate Blvd,Panama City,Malta,97854,Bahamas Leaks
ADDR_00018,48 Corporate Blvd,Panama City,Cyprus,99295,Pandora Papers
ADDR_00019,2367 Business Rd,Nassau,Panama,10034,Panama Papers
ADDR_00020,3556 Business Rd,Road Town,Cyprus,14552,Pandora Papers
ADDR_00021,5180 Corporate Blvd,George Town,Cayman Islands,61207,Bahamas Leaks
ADDR_00022,6349 Financial Ave,Road Town,Bermuda,78169,Panama Papers
ADDR_00023,6939 Corporate Blvd,Road Town,Bermuda,75713,Panama Papers
ADDR_00024,2293 Corporate Blvd,Panama City,Switzerland,71623,Pandora Papers
ADDR_00025,1201 Business Rd,Hamilton,British Virgin Islands,14814,Paradise Papers
ADDR_00026,2029 Business Rd,Hamilton,Cayman Islands,40983,Pandora Papers
ADDR_00027,9496 Business Rd,Road Town,Monaco,88516,Pandora Papers
ADDR_00028,3316 Financial Ave,George Town,British Virgin Islands,47564,Bahamas Leaks
ADDR_00029,1107 Main St,Nassau,Switzerland,81661,Paradise Papers
ADDR_00030,8692 Financial Ave,Hamilton,Panama,62508,Offshore Leaks
ADDR_00031,2708 Main St,George Town,Bermuda,82754,Bahamas Leaks
ADDR_00032,3646 Financial Ave,Hamilton,Bahamas,98699,Offshore Leaks
ADDR_00033,6483 Financial Ave,Road Town,Bermuda,97180,Offshore Leaks
ADDR_00034,3820 Main St,Nassau,Switzerland,26075,Panama Papers
ADDR_00035,4876 Financial Ave,Road Town,Cyprus,45081,Pandora Papers
ADDR_00036,3157 Main St,Nassau,Bermuda,26613,Paradise Papers
ADDR_00037,5491 Financial Ave,Road Town,British Virgin Islands,86902,Bahamas Leaks
ADDR_00038,8997 Business Rd,Panama City,British Virgin Islands,94597,Panama Papers
ADDR_00039,7898 Corporate Blvd,Panama City,British Virgin Islands,17547,Bahamas Leaks
ADDR_00040,6216 Business Rd,Road Town,Malta,15082,Panama Papers
ADDR_00041,275 Corporate Blvd,Road Town,Luxembourg,89718,Bahamas Leaks
ADDR_00042,7014 Main St,Road Town,Cayman Islands,13356,Panama Papers
ADDR_00043,7663 Main St,Nassau,British Virgin Islands,26977,Offshore Leaks
ADDR_00044,6430 Main St,Panama City,Bahamas,16530,Paradise Papers
ADDR_00045,7621 Business Rd,George Town,Luxembourg,97021,Panama Papers
ADDR_00046,4215 Business Rd,Nassau,Cayman Islands,83743,Pandora Papers
ADDR_00047,6373 Financial Ave,Hamilton,Bahamas,41907,Panama Papers
ADDR_00048,3853 Corporate Blvd,Panama City,Monaco,66986,Panama Papers
ADDR_00049,3099 Corporate Blvd,Panama City,British Virgin Islands,71392,Bahamas Leaks
ADDR_00050,8266 Main St,Panama City,Luxembourg,19015,Bahamas Leaks
ADDR_00051,9774 Main St,Road Town,Cyprus,95685,Bahamas Leaks
ADDR_00052,3529 Business Rd,Panama City,British Virgin Islands,20910,Bahamas Leaks
ADDR_00053,6909 Corporate Blvd,Hamilton,Luxembourg,59294,Panama Papers
ADDR_00054,347 Main St,George Town,Bermuda,26924,Panama Papers
ADDR_00055,1468 Financial Ave,Panama City,Bahamas,31269,Bahamas Leaks
ADDR_00056,6401 Main St,Nassau,Bermuda,29813,Bahamas Leaks
ADDR_00057,2406 Business Rd,George Town,Malta,74226,Pandora Papers
ADDR_00058,4634 Financial Ave,Road Town,Malta,34315,Offshore Leaks
ADDR_00059,2859 Business Rd,Nassau,Panama,56497,Panama Papers
ADDR_00060,6754 Main St,George Town,Switzerland,60214,Offshore Leaks
ADDR_00061,5815 Corporate Blvd,Panama City,Luxembourg,92677,Offshore Leaks
ADDR_00062,215 Financial Ave,Panama City,Bahamas,10386,Paradise Papers
ADDR_00063,7998 Financial Ave,Road Town,British Virgin Islands,68389,Bahamas Leaks
ADDR_00064,8546 Business Rd,Nassau,Monaco,16812,Bahamas Leaks
ADDR_00065,4426 Main St,Road Town,British Virgin Islands,66903,Bahamas Leaks
ADDR_00066,5984 Business Rd,Nassau,Malta,53269,Pandora Papers
ADDR_00067,890 Business Rd,Hamilton,Bahamas,42846,Pandora Papers
ADDR_00068,2288 Corporate Blvd,George Town,Malta,63775,Panama Papers
ADDR_00069,5986 Main St,Panama City,Switzerland,39836,Panama Papers
ADDR_00070,8460 Financial Ave,Nassau,Cyprus,46366,Paradise Papers
ADDR_00071,3648 Corporate Blvd,Hamilton,Malta,37203,Pandora Papers
ADDR_00072,8013 Main St,Hamilton,Bahamas,56520,Pandora Papers
ADDR_00073,4481 Main St,Panama City,Monaco,85970,Pandora Papers
ADDR_00074,4514 Corporate Blvd,Hamilton,Panama,90569,Panama Papers
ADDR_00075,558 Main St,George Town,Cayman Islands,11719,Bahamas Leaks
ADDR_00076,9330 Business Rd,Hamilton,Monaco,76371,Paradise Papers
ADDR_00077,460 Business Rd,Road Town,Monaco,78331,Offshore Leaks
ADDR_00078,5923 Corporate Blvd,George Town,Cayman Islands,50755,Offshore Leaks
ADDR_00079,2839 Main St,Road Town,Luxembourg,50237,Offshore Leaks
ADDR_00080,4099 Main St,George Town,Malta,33314,Offshore Leaks
ADDR_00081,3108 Business Rd,George Town,British Virgin Islands,53552,Paradise Papers
ADDR_00082,8998 Corporate Blvd,George Town,Bermuda,50780,Offshore Leaks
ADDR_00083,7947 Financial Ave,Nassau,Panama,10607,Paradise Papers
ADDR_00084,885 Business Rd,George Town,Panama,82956,Offshore Leaks
ADDR_00085,8039 Financial Ave,George Town,Malta,18100,Paradise Papers
ADDR_00086,60 Business Rd,Nassau,Switzerland,78305,Offshore Leaks
ADDR_00087,5168 Corporate Blvd,George Town,Luxembourg,18781,Offshore Leaks
ADDR_00088,4620 Business Rd,Hamilton,Switzerland,37807,Paradise Papers
ADDR_00089,7291 Main St,Hamilton,Switzerland,78429,Pandora Papers
ADDR_00090,1849 Corporate Blvd,Panama City,British Virgin Islands,49733,Pandora Papers
ADDR_00091,744 Business Rd,George Town,Monaco,87700,Paradise Papers
ADDR_00092,6832 Corporate Blvd,Road Town,Malta,29746,Pandora Papers
ADDR_00093,1833 Corporate Blvd,Road Town,British Virgin Islands,64558,Bahamas Leaks
ADDR_00094,198 Main St,George Town,Cayman Islands,89839,Panama Papers
ADDR_00095,4829 Corporate Blvd,George Town,Switzerland,28214,Paradise Papers
ADDR_00096,2165 Financial Ave,George Town,Panama,35600,Pandora Papers
ADDR_00097,765 Main St,Road Town,Cayman Islands,24395,Bahamas Leaks
ADDR_00098,7317 Financial Ave,Road Town,Bermuda,24158,Pandora Papers
ADDR_00099,9432 Business Rd,Panama City,Switzerland,87623,Pandora Papers
ADDR_00100,6996 Business Rd,George Town,British Virgin Islands,97403,Bahamas Leaks
ADDR_00101,9944 Financial Ave,Road Town,Bermuda,74819,Panama Papers
ADDR_00102,7844 Financial Ave,Hamilton,Cyprus,91732,Panama Papers
ADDR_00103,389 Financial Ave,Road Town,Cayman Islands,38133,Pandora Papers
ADDR_00104,338 Business Rd,Panama City,Bermuda,88888,Pandora Papers
ADDR_00105,5917 Financial Ave,George Town,Luxembourg,83311,Pandora Papers
ADDR_00106,30 Main St,Nassau,Bermuda,75081,Bahamas Leaks
ADDR_00107,9408 Business Rd,George Town,Bahamas,37454,Pandora Papers
ADDR_00108,9751 Business Rd,Panama City,Switzerland,59732,Offshore Leaks
ADDR_00109,2429 Corporate Blvd,Nassau,British Virgin Islands,32275,Bahamas Leaks
ADDR_00110,9308 Financial Ave,Nassau,British Virgin Islands,81765,Offshore Leaks
ADDR_00111,2145 Business Rd,Nassau,Switzerland,75749,Pandora Papers
ADDR_00112,6704 Main St,George Town,Cyprus,29603,Bahamas Leaks
ADDR_00113,9803 Financial Ave,Hamilton,Bermuda,12780,Bahamas Leaks
ADDR_00114,8545 Financial Ave,Road Town,Cayman Islands,77180,Pandora Papers
ADDR_00115,1790 Corporate Blvd,George Town,Luxembourg,59386,Pandora Papers
ADDR_00116,5883 Financial Ave,Road Town,Bahamas,16097,Bahamas Leaks
ADDR_00117,7636 Corporate Blvd,George Town,Bahamas,24608,Paradise Papers
ADDR_00118,451 Main St,Hamilton,Bermuda,67449,Bahamas Leaks
ADDR_00119,4302 Corporate Blvd,Panama City,Bahamas,39466,Bahamas Leaks
ADDR_00120,8463 Corporate Blvd,Nassau,Cyprus,66307,Pandora Papers
ADDR_00121,4591 Corporate Blvd,George Town,Cayman Islands,20274,Panama Papers
ADDR_00122,3033 Business Rd,George Town,Bermuda,17324,Paradise Papers
ADDR_00123,7621 Main St,Road Town,Monaco,13388,Panama Papers
ADDR_00124,4515 Financial Ave,Hamilton,Cayman Islands,28529,Pandora Papers
ADDR_00125,1631 Corporate Blvd,George Town,Luxembourg,95136,Panama Papers
ADDR_00126,3946 Main St,Panama City,Monaco,33916,Paradise Papers
ADDR_00127,9150 Main St,Road Town,Luxembourg,39314,Panama Papers
ADDR_00128,4624 Financial Ave,Road Town,British Virgin Islands,44028,Offshore Leaks
ADDR_00129,9377 Financial Ave,Panama City,Switzerland,59575,Offshore Leaks
ADDR_00130,7877 Corporate Blvd,Road Town,British Virgin Islands,92538,Pandora Papers
ADDR_00131,3129 Business Rd,Nassau,Bermuda,80505,Offshore Leaks
ADDR_00132,4168 Main St,Road Town,Switzerland,51273,Panama Papers
ADDR_00133,4257 Financial Ave,Road Town,Bermuda,90903,Paradise Papers
ADDR_00134,4517 Business Rd,Road Town,Cayman Islands,23723,Pandora Papers
ADDR_00135,3938 Main St,Panama City,British Virgin Islands,78012,Bahamas Leaks
ADDR_00136,334 Financial Ave,Road Town,British Virgin Islands,79841,Paradise Papers
ADDR_00137,1990 Business Rd,Panama City,Panama,60359,Offshore Leaks
ADDR_00138,3913 Business Rd,Hamilton,British Virgin Islands,51813,Panama Papers
ADDR_00139,6523 Financial Ave,Panama City,Switzerland,59474,Offshore Leaks
ADDR_00140,3744 Corporate Blvd,George Town,Switzerland,25880,Panama Papers
ADDR_00141,1945 Business Rd,Hamilton,Cayman Islands,17523,Offshore Leaks
ADDR_00142,4614 Corporate Blvd,Hamilton,Bahamas,85328,Panama Papers
ADDR_00143,2185 Financial Ave,Road Town,Luxembourg,15822,Paradise Papers
ADDR_00144,8046 Main St,George Town,Cyprus,49109,Offshore Leaks
ADDR_00145,2764 Financial Ave,George Town,Bahamas,86737,Bahamas Leaks
ADDR_00146,3107 Financial Ave,Panama City,Cayman Islands,63796,Bahamas Leaks
ADDR_00147,638 Corporate Blvd,Nassau,Luxembourg,80338,Bahamas Leaks
ADDR_00148,3061 Corporate Blvd,Hamilton,Bermuda,33221,Offshore Leaks
ADDR_00149,6023 Main St,George Town,British Virgin Islands,69855,Panama Papers
ADDR_00150,7847 Financial Ave,Panama City,Malta,88078,Bahamas Leaks
ADDR_00151,4541 Business Rd,Nassau,Luxembourg,59917,Pandora Papers
ADDR_00152,8372 Financial Ave,George Town,Cayman Islands,17509,Bahamas Leaks
ADDR_00153,3456 Business Rd,George Town,Cayman Islands,98498,Offshore Leaks
ADDR_00154,6803 Financial Ave,Nassau,Bermuda,10236,Offshore Leaks
ADDR_00155,1051 Business Rd,Road Town,Bermuda,55424,Panama Papers
ADDR_00156,4007 Financial Ave,George Town,Bermuda,23345,Bahamas Leaks
ADDR_00157,6271 Corporate Blvd,Road Town,Monaco,60502,Bahamas Leaks
ADDR_00158,515 Corporate Blvd,Panama City,Luxembourg,20786,Bahamas Leaks
ADDR_00159,6021 Main St,Road Town,Cyprus,16353,Paradise Papers
ADDR_00160,1401 Corporate Blvd,George Town,Bermuda,57031,Pandora Papers
ADDR_00161,8074 Corporate Blvd,Nassau,Panama,54854,Paradise Papers
ADDR_00162,6400 Financial Ave,Nassau,Cyprus,85627,Offshore Leaks
ADDR_00163,1141 Financial Ave,Road Town,Bermuda,31628,Pandora Papers
ADDR_00164,8409 Financial Ave,Road Town,British Virgin Islands,69502,Bahamas Leaks
ADDR_00165,4478 Corporate Blvd,George Town,Cayman Islands,71954,Bahamas Leaks
ADDR_00166,9554 Financial Ave,Hamilton,Cyprus,49415,Bahamas Leaks
ADDR_00167,1347 Corporate Blvd,Panama City,Switzerland,13652,Pandora Papers
ADDR_00168,2236 Main St,Nassau,Bermuda,70087,Paradise Papers
ADDR_00169,5855 Financial Ave,Panama City,Luxembourg,71943,Bahamas Leaks
ADDR_00170,3976 Main St,Panama City,Switzerland,95206,Offshore Leaks
ADDR_00171,2508 Business Rd,Road Town,Panama,97902,Pandora Papers
ADDR_00172,2458 Business Rd,Hamilton,Bahamas,37773,Offshore Leaks
ADDR_00173,9911 Corporate Blvd,Road Town,Monaco,85857,Panama Papers
ADDR_00174,269 Corporate Blvd,Hamilton,Switzerland,51591,Paradise Papers
ADDR_00175,4168 Main St,Hamilton,Cyprus,96616,Pandora Papers
ADDR_00176,1362 Main St,Nassau,Switzerland,84772,Paradise Papers
ADDR_00177,1407 Main St,Hamilton,Panama,66700,Offshore Leaks
ADDR_00178,8103 Main St,Nassau,Luxembourg,25710,Pandora Papers
ADDR_00179,5845 Business Rd,Hamilton,Monaco,30830,Bahamas Leaks
ADDR_00180,5094 Main St,Panama City,Panama,28342,Pandora Papers
ADDR_00181,8999 Business Rd,Panama City,Bahamas,96146,Bahamas Leaks
ADDR_00182,789 Corporate Blvd,Nassau,British Virgin Islands,28433,Offshore Leaks
ADDR_00183,6129 Financial Ave,Road Town,Switzerland,41981,Pandora Papers
ADDR_00184,3529 Business Rd,Panama City,Cayman Islands,90990,Paradise Papers
ADDR_00185,5980 Financial Ave,Road Town,Panama,34415,Bahamas Leaks
ADDR_00186,3778 Main St,Hamilton,Panama,90823,Pandora Papers
ADDR_00187,3855 Financial Ave,Panama City,British Virgin Islands,68673,Paradise Papers
ADDR_00188,7925 Financial Ave,Panama City,Malta,19823,Panama Papers
ADDR_00189,5109 Main St,Panama City,Switzerland,41287,Pandora Papers
ADDR_00190,6285 Corporate Blvd,Hamilton,Malta,33409,Pandora Papers
ADDR_00191,2985 Main St,George Town,Malta,41844,Panama Papers
ADDR_00192,7914 Financial Ave,George Town,Cayman Islands,30332,Bahamas Leaks
ADDR_00193,7362 Financial Ave,Nassau,Malta,91189,Paradise Papers
ADDR_00194,2234 Financial Ave,George Town,British Virgin Islands,20855,Bahamas Leaks
ADDR_00195,9741 Corporate Blvd,Nassau,Malta,28372,Bahamas Leaks
ADDR_00196,1765 Business Rd,Nassau,Bermuda,43159,Offshore Leaks
ADDR_00197,6279 Business Rd,Hamilton,Luxembourg,45072,Paradise Papers
ADDR_00198,3770 Corporate Blvd,Nassau,Panama,93780,Pandora Papers
ADDR_00199,974 Corporate Blvd,George Town,Bermuda,21458,Bahamas Leaks
