entity_id,name,jurisdiction,incorporation_date,entity_type,source,status,description,address
ENT_00000,Offshore Entity 1,Bermuda,2020-12-11,Foundation,Bahamas Leaks,Active,This is an offshore entity incorporated in Luxembourg for business purposes.,"46 Financial District, Bahamas"
ENT_00001,Offshore Entity 2,Cyprus,2022-10-05,Trust,Paradise Papers,Active,This is an offshore entity incorporated in Bermuda for business purposes.,"333 Financial District, Malta"
ENT_00002,Offshore Entity 3,Bermuda,2021-06-17,Other,Bahamas Leaks,Active,This is an offshore entity incorporated in Luxembourg for business purposes.,"865 Financial District, Cyprus"
ENT_00003,Offshore Entity 4,Malta,2012-07-29,Other,Pandora Papers,Dissolved,This is an offshore entity incorporated in Cyprus for business purposes.,"121 Financial District, Bermuda"
ENT_00004,Offshore Entity 5,Switzerland,2012-08-09,Company,Paradise Papers,Active,This is an offshore entity incorporated in Switzerland for business purposes.,"320 Financial District, Cyprus"
ENT_00005,Offshore Entity 6,Switzerland,2018-12-24,Trust,Offshore Leaks,Inactive,This is an offshore entity incorporated in Panama for business purposes.,"51 Financial District, British Virgin Islands"
ENT_00006,Offshore Entity 7,Cayman Islands,2011-08-23,Foundation,Bahamas Leaks,Inactive,This is an offshore entity incorporated in Panama for business purposes.,"75 Financial District, Bahamas"
ENT_00007,Offshore Entity 8,Cayman Islands,2007-12-14,Company,Bahamas Leaks,Inactive,This is an offshore entity incorporated in Bermuda for business purposes.,"564 Financial District, Bermuda"
ENT_00008,Offshore Entity 9,Bahamas,2010-11-06,Company,Pandora Papers,Active,This is an offshore entity incorporated in British Virgin Islands for business purposes.,"454 Financial District, Cayman Islands"
ENT_00009,Offshore Entity 10,Switzerland,2019-03-20,Company,Panama Papers,Dissolved,This is an offshore entity incorporated in Bermuda for business purposes.,"897 Financial District, British Virgin Islands"
ENT_00010,Offshore Entity 11,Monaco,2021-08-01,Foundation,Panama Papers,Active,This is an offshore entity incorporated in Cayman Islands for business purposes.,"879 Financial District, Cayman Islands"
ENT_00011,Offshore Entity 12,Panama,2019-08-06,Company,Offshore Leaks,Inactive,This is an offshore entity incorporated in Luxembourg for business purposes.,"244 Financial District, Switzerland"
ENT_00012,Offshore Entity 13,Panama,2022-03-27,Other,Offshore Leaks,Dissolved,This is an offshore entity incorporated in Bermuda for business purposes.,"439 Financial District, Bermuda"
ENT_00013,Offshore Entity 14,Cyprus,2015-04-24,Trust,Offshore Leaks,Inactive,This is an offshore entity incorporated in Malta for business purposes.,"203 Financial District, Switzerland"
ENT_00014,Offshore Entity 15,Monaco,2010-01-14,Foundation,Pandora Papers,Dissolved,This is an offshore entity incorporated in Cyprus for business purposes.,"853 Financial District, Cayman Islands"
ENT_00015,Offshore Entity 16,British Virgin Islands,2009-09-26,Other,Pandora Papers,Active,This is an offshore entity incorporated in Luxembourg for business purposes.,"704 Financial District, Luxembourg"
ENT_00016,Offshore Entity 17,Malta,2015-06-21,Foundation,Paradise Papers,Active,This is an offshore entity incorporated in Cyprus for business purposes.,"697 Financial District, British Virgin Islands"
ENT_00017,Offshore Entity 18,Cayman Islands,2011-02-15,Trust,Bahamas Leaks,Inactive,This is an offshore entity incorporated in Cyprus for business purposes.,"958 Financial District, Switzerland"
ENT_00018,Offshore Entity 19,Luxembourg,2024-03-30,Company,Bahamas Leaks,Inactive,This is an offshore entity incorporated in Monaco for business purposes.,"192 Financial District, Luxembourg"
ENT_00019,Offshore Entity 20,Luxembourg,2019-02-07,Other,Bahamas Leaks,Active,This is an offshore entity incorporated in Cayman Islands for business purposes.,"150 Financial District, Switzerland"
ENT_00020,Offshore Entity 21,Panama,2017-09-19,Trust,Paradise Papers,Dissolved,This is an offshore entity incorporated in Bermuda for business purposes.,"319 Financial District, British Virgin Islands"
ENT_00021,Offshore Entity 22,Panama,2015-08-06,Foundation,Panama Papers,Dissolved,This is an offshore entity incorporated in Bahamas for business purposes.,"466 Financial District, Switzerland"
ENT_00022,Offshore Entity 23,Luxembourg,2022-04-02,Trust,Panama Papers,Dissolved,This is an offshore entity incorporated in Luxembourg for business purposes.,"703 Financial District, Switzerland"
ENT_00023,Offshore Entity 24,Malta,2016-11-21,Foundation,Paradise Papers,Dissolved,This is an offshore entity incorporated in Switzerland for business purposes.,"743 Financial District, Monaco"
ENT_00024,Offshore Entity 25,Cayman Islands,2018-09-13,Company,Pandora Papers,Active,This is an offshore entity incorporated in Bahamas for business purposes.,"606 Financial District, Cayman Islands"
ENT_00025,Offshore Entity 26,Bermuda,2007-03-18,Foundation,Panama Papers,Dissolved,This is an offshore entity incorporated in Luxembourg for business purposes.,"331 Financial District, Luxembourg"
ENT_00026,Offshore Entity 27,British Virgin Islands,2022-01-31,Foundation,Offshore Leaks,Active,This is an offshore entity incorporated in Cayman Islands for business purposes.,"985 Financial District, Switzerland"
ENT_00027,Offshore Entity 28,Malta,2018-02-22,Foundation,Bahamas Leaks,Inactive,This is an offshore entity incorporated in Malta for business purposes.,"744 Financial District, British Virgin Islands"
ENT_00028,Offshore Entity 29,Cyprus,2013-02-24,Other,Bahamas Leaks,Inactive,This is an offshore entity incorporated in Cyprus for business purposes.,"574 Financial District, British Virgin Islands"
ENT_00029,Offshore Entity 30,British Virgin Islands,2010-03-31,Other,Panama Papers,Inactive,This is an offshore entity incorporated in Bahamas for business purposes.,"300 Financial District, Monaco"
ENT_00030,Offshore Entity 31,Panama,2009-06-08,Trust,Bahamas Leaks,Dissolved,This is an offshore entity incorporated in Luxembourg for business purposes.,"689 Financial District, Bahamas"
ENT_00031,Offshore Entity 32,Cyprus,2017-10-15,Other,Offshore Leaks,Inactive,This is an offshore entity incorporated in Cyprus for business purposes.,"305 Financial District, British Virgin Islands"
ENT_00032,Offshore Entity 33,Bahamas,2006-12-14,Trust,Pandora Papers,Inactive,This is an offshore entity incorporated in Monaco for business purposes.,"140 Financial District, Panama"
ENT_00033,Offshore Entity 34,Bermuda,2021-04-04,Other,Offshore Leaks,Active,This is an offshore entity incorporated in Bermuda for business purposes.,"362 Financial District, Cayman Islands"
ENT_00034,Offshore Entity 35,British Virgin Islands,2015-10-23,Other,Paradise Papers,Dissolved,This is an offshore entity incorporated in Switzerland for business purposes.,"472 Financial District, Malta"
ENT_00035,Offshore Entity 36,Panama,2009-01-15,Foundation,Paradise Papers,Dissolved,This is an offshore entity incorporated in Cayman Islands for business purposes.,"971 Financial District, Panama"
ENT_00036,Offshore Entity 37,Switzerland,2012-03-10,Other,Offshore Leaks,Dissolved,This is an offshore entity incorporated in Monaco for business purposes.,"976 Financial District, Switzerland"
ENT_00037,Offshore Entity 38,Luxembourg,2017-08-24,Trust,Offshore Leaks,Active,This is an offshore entity incorporated in Malta for business purposes.,"551 Financial District, Panama"
ENT_00038,Offshore Entity 39,Monaco,2014-01-02,Other,Paradise Papers,Dissolved,This is an offshore entity incorporated in Switzerland for business purposes.,"703 Financial District, Cyprus"
ENT_00039,Offshore Entity 40,British Virgin Islands,2017-07-18,Company,Panama Papers,Dissolved,This is an offshore entity incorporated in Switzerland for business purposes.,"362 Financial District, Bermuda"
ENT_00040,Offshore Entity 41,Monaco,2019-07-21,Trust,Pandora Papers,Dissolved,This is an offshore entity incorporated in British Virgin Islands for business purposes.,"279 Financial District, Bermuda"
ENT_00041,Offshore Entity 42,Switzerland,2016-09-13,Other,Bahamas Leaks,Inactive,This is an offshore entity incorporated in Cayman Islands for business purposes.,"285 Financial District, Bermuda"
ENT_00042,Offshore Entity 43,Monaco,2012-08-25,Trust,Offshore Leaks,Inactive,This is an offshore entity incorporated in Monaco for business purposes.,"449 Financial District, Luxembourg"
ENT_00043,Offshore Entity 44,Cyprus,2006-09-22,Company,Paradise Papers,Inactive,This is an offshore entity incorporated in Luxembourg for business purposes.,"200 Financial District, Malta"
ENT_00044,Offshore Entity 45,Cyprus,2017-11-17,Other,Panama Papers,Inactive,This is an offshore entity incorporated in Bermuda for business purposes.,"456 Financial District, Bermuda"
ENT_00045,Offshore Entity 46,Luxembourg,2005-10-18,Other,Bahamas Leaks,Active,This is an offshore entity incorporated in Monaco for business purposes.,"649 Financial District, Bermuda"
ENT_00046,Offshore Entity 47,Cayman Islands,2015-08-19,Other,Panama Papers,Inactive,This is an offshore entity incorporated in Cyprus for business purposes.,"47 Financial District, Monaco"
ENT_00047,Offshore Entity 48,Luxembourg,2017-04-23,Other,Offshore Leaks,Active,This is an offshore entity incorporated in Panama for business purposes.,"527 Financial District, Monaco"
ENT_00048,Offshore Entity 49,Luxembourg,2013-11-20,Other,Panama Papers,Inactive,This is an offshore entity incorporated in Luxembourg for business purposes.,"205 Financial District, Bahamas"
ENT_00049,Offshore Entity 50,Bermuda,2017-07-26,Trust,Offshore Leaks,Active,This is an offshore entity incorporated in Malta for business purposes.,"606 Financial District, Luxembourg"
ENT_00050,Offshore Entity 51,Switzerland,2017-07-28,Company,Bahamas Leaks,Inactive,This is an offshore entity incorporated in Monaco for business purposes.,"782 Financial District, Malta"
ENT_00051,Offshore Entity 52,Luxembourg,2017-03-04,Foundation,Panama Papers,Dissolved,This is an offshore entity incorporated in Bermuda for business purposes.,"597 Financial District, Cyprus"
ENT_00052,Offshore Entity 53,Cyprus,2014-02-28,Company,Bahamas Leaks,Dissolved,This is an offshore entity incorporated in Cayman Islands for business purposes.,"738 Financial District, Luxembourg"
ENT_00053,Offshore Entity 54,Panama,2020-05-09,Company,Panama Papers,Inactive,This is an offshore entity incorporated in Cyprus for business purposes.,"937 Financial District, Luxembourg"
ENT_00054,Offshore Entity 55,Cayman Islands,2016-04-10,Other,Pandora Papers,Active,This is an offshore entity incorporated in Malta for business purposes.,"156 Financial District, Panama"
ENT_00055,Offshore Entity 56,Cyprus,2013-08-12,Other,Paradise Papers,Inactive,This is an offshore entity incorporated in British Virgin Islands for business purposes.,"741 Financial District, Bahamas"
ENT_00056,Offshore Entity 57,Cyprus,2009-01-10,Foundation,Bahamas Leaks,Active,This is an offshore entity incorporated in Cyprus for business purposes.,"81 Financial District, Monaco"
ENT_00057,Offshore Entity 58,Malta,2011-11-15,Other,Offshore Leaks,Dissolved,This is an offshore entity incorporated in Bahamas for business purposes.,"110 Financial District, Cyprus"
ENT_00058,Offshore Entity 59,British Virgin Islands,2010-10-06,Company,Bahamas Leaks,Active,This is an offshore entity incorporated in Luxembourg for business purposes.,"672 Financial District, Switzerland"
ENT_00059,Offshore Entity 60,Panama,2005-11-09,Trust,Panama Papers,Inactive,This is an offshore entity incorporated in Luxembourg for business purposes.,"252 Financial District, Cyprus"
ENT_00060,Offshore Entity 61,Cyprus,2012-07-30,Other,Offshore Leaks,Inactive,This is an offshore entity incorporated in Bermuda for business purposes.,"831 Financial District, Switzerland"
ENT_00061,Offshore Entity 62,Panama,2008-04-10,Foundation,Pandora Papers,Inactive,This is an offshore entity incorporated in Switzerland for business purposes.,"500 Financial District, Luxembourg"
ENT_00062,Offshore Entity 63,Bahamas,2024-06-11,Company,Paradise Papers,Dissolved,This is an offshore entity incorporated in Switzerland for business purposes.,"267 Financial District, Switzerland"
ENT_00063,Offshore Entity 64,Cyprus,2017-10-15,Other,Pandora Papers,Inactive,This is an offshore entity incorporated in Malta for business purposes.,"620 Financial District, British Virgin Islands"
ENT_00064,Offshore Entity 65,Switzerland,2022-08-24,Other,Offshore Leaks,Active,This is an offshore entity incorporated in Cayman Islands for business purposes.,"767 Financial District, British Virgin Islands"
ENT_00065,Offshore Entity 66,Switzerland,2013-01-22,Company,Offshore Leaks,Dissolved,This is an offshore entity incorporated in Monaco for business purposes.,"241 Financial District, British Virgin Islands"
ENT_00066,Offshore Entity 67,Panama,2010-11-05,Company,Pandora Papers,Inactive,This is an offshore entity incorporated in Bermuda for business purposes.,"267 Financial District, Switzerland"
ENT_00067,Offshore Entity 68,Luxembourg,2006-04-28,Other,Bahamas Leaks,Active,This is an offshore entity incorporated in Bahamas for business purposes.,"470 Financial District, British Virgin Islands"
ENT_00068,Offshore Entity 69,Panama,2022-11-27,Foundation,Paradise Papers,Dissolved,This is an offshore entity incorporated in Malta for business purposes.,"915 Financial District, Cyprus"
ENT_00069,Offshore Entity 70,Panama,2008-04-12,Trust,Offshore Leaks,Active,This is an offshore entity incorporated in Malta for business purposes.,"205 Financial District, Cayman Islands"
ENT_00070,Offshore Entity 71,Malta,2009-01-08,Trust,Paradise Papers,Active,This is an offshore entity incorporated in Cayman Islands for business purposes.,"642 Financial District, British Virgin Islands"
ENT_00071,Offshore Entity 72,Malta,2014-07-04,Other,Offshore Leaks,Active,This is an offshore entity incorporated in Luxembourg for business purposes.,"190 Financial District, Cayman Islands"
ENT_00072,Offshore Entity 73,Bahamas,2023-09-30,Company,Pandora Papers,Active,This is an offshore entity incorporated in Switzerland for business purposes.,"932 Financial District, Bermuda"
ENT_00073,Offshore Entity 74,Bahamas,2008-03-27,Other,Pandora Papers,Dissolved,This is an offshore entity incorporated in Monaco for business purposes.,"619 Financial District, Cayman Islands"
ENT_00074,Offshore Entity 75,Bahamas,2023-11-07,Company,Panama Papers,Inactive,This is an offshore entity incorporated in Luxembourg for business purposes.,"222 Financial District, Bermuda"
ENT_00075,Offshore Entity 76,Malta,2013-10-22,Other,Paradise Papers,Inactive,This is an offshore entity incorporated in Panama for business purposes.,"667 Financial District, Bahamas"
ENT_00076,Offshore Entity 77,Cayman Islands,2021-10-19,Foundation,Panama Papers,Inactive,This is an offshore entity incorporated in Cyprus for business purposes.,"663 Financial District, Cyprus"
ENT_00077,Offshore Entity 78,Panama,2008-04-23,Foundation,Bahamas Leaks,Active,This is an offshore entity incorporated in Cyprus for business purposes.,"95 Financial District, Malta"
ENT_00078,Offshore Entity 79,Bermuda,2017-01-26,Other,Bahamas Leaks,Active,This is an offshore entity incorporated in Cyprus for business purposes.,"321 Financial District, Cyprus"
ENT_00079,Offshore Entity 80,Monaco,2012-09-15,Trust,Offshore Leaks,Active,This is an offshore entity incorporated in British Virgin Islands for business purposes.,"80 Financial District, Panama"
ENT_00080,Offshore Entity 81,Bahamas,2014-08-15,Company,Offshore Leaks,Dissolved,This is an offshore entity incorporated in Cyprus for business purposes.,"21 Financial District, Switzerland"
ENT_00081,Offshore Entity 82,Bahamas,2008-03-19,Foundation,Panama Papers,Dissolved,This is an offshore entity incorporated in British Virgin Islands for business purposes.,"14 Financial District, Panama"
ENT_00082,Offshore Entity 83,Monaco,2021-11-04,Foundation,Bahamas Leaks,Active,This is an offshore entity incorporated in Luxembourg for business purposes.,"305 Financial District, Bahamas"
ENT_00083,Offshore Entity 84,British Virgin Islands,2008-11-30,Trust,Panama Papers,Dissolved,This is an offshore entity incorporated in Panama for business purposes.,"218 Financial District, Malta"
ENT_00084,Offshore Entity 85,Luxembourg,2011-05-08,Foundation,Panama Papers,Inactive,This is an offshore entity incorporated in Malta for business purposes.,"504 Financial District, Panama"
ENT_00085,Offshore Entity 86,Panama,2017-06-23,Company,Offshore Leaks,Dissolved,This is an offshore entity incorporated in Malta for business purposes.,"169 Financial District, Switzerland"
ENT_00086,Offshore Entity 87,Cayman Islands,2017-10-03,Company,Bahamas Leaks,Inactive,This is an offshore entity incorporated in British Virgin Islands for business purposes.,"582 Financial District, Malta"
ENT_00087,Offshore Entity 88,British Virgin Islands,2016-04-15,Other,Bahamas Leaks,Dissolved,This is an offshore entity incorporated in Malta for business purposes.,"755 Financial District, Cayman Islands"
ENT_00088,Offshore Entity 89,Panama,2016-11-13,Company,Offshore Leaks,Inactive,This is an offshore entity incorporated in Switzerland for business purposes.,"442 Financial District, Malta"
ENT_00089,Offshore Entity 90,Cyprus,2015-07-29,Company,Panama Papers,Inactive,This is an offshore entity incorporated in Bermuda for business purposes.,"300 Financial District, Bahamas"
ENT_00090,Offshore Entity 91,Luxembourg,2021-08-28,Foundation,Paradise Papers,Dissolved,This is an offshore entity incorporated in Cyprus for business purposes.,"675 Financial District, Cyprus"
ENT_00091,Offshore Entity 92,Bahamas,2015-12-03,Foundation,Offshore Leaks,Active,This is an offshore entity incorporated in Panama for business purposes.,"303 Financial District, Cyprus"
ENT_00092,Offshore Entity 93,Malta,2009-09-17,Trust,Pandora Papers,Dissolved,This is an offshore entity incorporated in Malta for business purposes.,"325 Financial District, Malta"
ENT_00093,Offshore Entity 94,Malta,2011-07-09,Trust,Bahamas Leaks,Inactive,This is an offshore entity incorporated in Bahamas for business purposes.,"452 Financial District, Cyprus"
ENT_00094,Offshore Entity 95,Luxembourg,2007-10-21,Other,Pandora Papers,Dissolved,This is an offshore entity incorporated in Bermuda for business purposes.,"731 Financial District, Switzerland"
ENT_00095,Offshore Entity 96,Cyprus,2015-05-18,Company,Offshore Leaks,Inactive,This is an offshore entity incorporated in Cayman Islands for business purposes.,"992 Financial District, Cyprus"
ENT_00096,Offshore Entity 97,Cayman Islands,2014-03-30,Company,Paradise Papers,Active,This is an offshore entity incorporated in Luxembourg for business purposes.,"706 Financial District, Switzerland"
ENT_00097,Offshore Entity 98,Panama,2013-01-07,Other,Panama Papers,Active,This is an offshore entity incorporated in Panama for business purposes.,"71 Financial District, Luxembourg"
ENT_00098,Offshore Entity 99,Bahamas,2014-02-09,Company,Panama Papers,Active,This is an offshore entity incorporated in Bermuda for business purposes.,"905 Financial District, Panama"
ENT_00099,Offshore Entity 100,Monaco,2010-03-14,Other,Paradise Papers,Active,This is an offshore entity incorporated in Cayman Islands for business purposes.,"842 Financial District, British Virgin Islands"
ENT_00100,Offshore Entity 101,Panama,2016-01-08,Other,Offshore Leaks,Active,This is an offshore entity incorporated in Bahamas for business purposes.,"25 Financial District, Panama"
ENT_00101,Offshore Entity 102,Switzerland,2011-04-03,Trust,Bahamas Leaks,Active,This is an offshore entity incorporated in Monaco for business purposes.,"703 Financial District, Monaco"
ENT_00102,Offshore Entity 103,Malta,2012-06-08,Foundation,Bahamas Leaks,Dissolved,This is an offshore entity incorporated in Malta for business purposes.,"595 Financial District, Malta"
ENT_00103,Offshore Entity 104,Cyprus,2007-10-08,Company,Bahamas Leaks,Dissolved,This is an offshore entity incorporated in Bermuda for business purposes.,"908 Financial District, Cyprus"
ENT_00104,Offshore Entity 105,Bermuda,2020-04-24,Company,Panama Papers,Active,This is an offshore entity incorporated in British Virgin Islands for business purposes.,"21 Financial District, Monaco"
ENT_00105,Offshore Entity 106,Bermuda,2012-07-22,Other,Offshore Leaks,Active,This is an offshore entity incorporated in Monaco for business purposes.,"348 Financial District, Malta"
ENT_00106,Offshore Entity 107,Panama,2016-08-22,Company,Offshore Leaks,Inactive,This is an offshore entity incorporated in Switzerland for business purposes.,"983 Financial District, Cayman Islands"
ENT_00107,Offshore Entity 108,Monaco,2008-01-25,Company,Pandora Papers,Active,This is an offshore entity incorporated in Switzerland for business purposes.,"530 Financial District, Monaco"
ENT_00108,Offshore Entity 109,Bahamas,2015-01-16,Foundation,Pandora Papers,Inactive,This is an offshore entity incorporated in Luxembourg for business purposes.,"542 Financial District, Cyprus"
ENT_00109,Offshore Entity 110,Monaco,2014-12-05,Other,Offshore Leaks,Active,This is an offshore entity incorporated in Cayman Islands for business purposes.,"728 Financial District, Cyprus"
ENT_00110,Offshore Entity 111,Bahamas,2009-10-28,Company,Bahamas Leaks,Dissolved,This is an offshore entity incorporated in Monaco for business purposes.,"50 Financial District, Switzerland"
ENT_00111,Offshore Entity 112,Malta,2016-09-14,Foundation,Offshore Leaks,Inactive,This is an offshore entity incorporated in Switzerland for business purposes.,"110 Financial District, Monaco"
ENT_00112,Offshore Entity 113,Luxembourg,2024-02-01,Company,Paradise Papers,Dissolved,This is an offshore entity incorporated in Panama for business purposes.,"833 Financial District, Bahamas"
ENT_00113,Offshore Entity 114,Luxembourg,2014-06-09,Company,Panama Papers,Dissolved,This is an offshore entity incorporated in British Virgin Islands for business purposes.,"39 Financial District, Panama"
ENT_00114,Offshore Entity 115,Cyprus,2012-03-17,Company,Panama Papers,Active,This is an offshore entity incorporated in British Virgin Islands for business purposes.,"33 Financial District, Luxembourg"
ENT_00115,Offshore Entity 116,Switzerland,2012-03-15,Company,Panama Papers,Dissolved,This is an offshore entity incorporated in Malta for business purposes.,"22 Financial District, Malta"
ENT_00116,Offshore Entity 117,Cayman Islands,2015-01-12,Other,Pandora Papers,Active,This is an offshore entity incorporated in Malta for business purposes.,"994 Financial District, Cyprus"
ENT_00117,Offshore Entity 118,Bermuda,2011-09-25,Trust,Panama Papers,Dissolved,This is an offshore entity incorporated in Panama for business purposes.,"186 Financial District, Malta"
ENT_00118,Offshore Entity 119,Cayman Islands,2014-01-16,Other,Panama Papers,Dissolved,This is an offshore entity incorporated in Cyprus for business purposes.,"432 Financial District, British Virgin Islands"
ENT_00119,Offshore Entity 120,Cyprus,2022-05-17,Other,Panama Papers,Active,This is an offshore entity incorporated in Bahamas for business purposes.,"716 Financial District, Cayman Islands"
ENT_00120,Offshore Entity 121,Switzerland,2016-08-17,Trust,Pandora Papers,Dissolved,This is an offshore entity incorporated in Bermuda for business purposes.,"200 Financial District, Bermuda"
ENT_00121,Offshore Entity 122,Cayman Islands,2012-02-28,Trust,Offshore Leaks,Dissolved,This is an offshore entity incorporated in Bahamas for business purposes.,"991 Financial District, Bahamas"
ENT_00122,Offshore Entity 123,British Virgin Islands,2016-03-18,Foundation,Offshore Leaks,Active,This is an offshore entity incorporated in Panama for business purposes.,"934 Financial District, Malta"
ENT_00123,Offshore Entity 124,Malta,2023-04-07,Trust,Pandora Papers,Dissolved,This is an offshore entity incorporated in Cyprus for business purposes.,"266 Financial District, Bahamas"
ENT_00124,Offshore Entity 125,Bermuda,2013-01-22,Company,Pandora Papers,Dissolved,This is an offshore entity incorporated in Panama for business purposes.,"441 Financial District, Cayman Islands"
ENT_00125,Offshore Entity 126,Malta,2023-05-15,Foundation,Offshore Leaks,Active,This is an offshore entity incorporated in Cayman Islands for business purposes.,"468 Financial District, British Virgin Islands"
ENT_00126,Offshore Entity 127,Switzerland,2006-03-30,Foundation,Bahamas Leaks,Active,This is an offshore entity incorporated in Malta for business purposes.,"169 Financial District, Panama"
ENT_00127,Offshore Entity 128,Switzerland,2020-11-09,Other,Pandora Papers,Inactive,This is an offshore entity incorporated in Cyprus for business purposes.,"744 Financial District, British Virgin Islands"
ENT_00128,Offshore Entity 129,Luxembourg,2012-09-29,Trust,Pandora Papers,Active,This is an offshore entity incorporated in Switzerland for business purposes.,"339 Financial District, Monaco"
ENT_00129,Offshore Entity 130,Bermuda,2020-04-18,Company,Panama Papers,Active,This is an offshore entity incorporated in Panama for business purposes.,"810 Financial District, British Virgin Islands"
ENT_00130,Offshore Entity 131,Switzerland,2017-05-01,Other,Offshore Leaks,Active,This is an offshore entity incorporated in Bahamas for business purposes.,"905 Financial District, Panama"
ENT_00131,Offshore Entity 132,Cayman Islands,2024-06-28,Other,Bahamas Leaks,Dissolved,This is an offshore entity incorporated in Monaco for business purposes.,"541 Financial District, Cayman Islands"
ENT_00132,Offshore Entity 133,Bahamas,2021-12-19,Foundation,Paradise Papers,Active,This is an offshore entity incorporated in Switzerland for business purposes.,"960 Financial District, British Virgin Islands"
ENT_00133,Offshore Entity 134,Cyprus,2014-12-04,Trust,Offshore Leaks,Active,This is an offshore entity incorporated in Bermuda for business purposes.,"566 Financial District, British Virgin Islands"
ENT_00134,Offshore Entity 135,Monaco,2007-09-11,Other,Panama Papers,Active,This is an offshore entity incorporated in Bermuda for business purposes.,"655 Financial District, Panama"
ENT_00135,Offshore Entity 136,Cyprus,2021-02-21,Trust,Panama Papers,Inactive,This is an offshore entity incorporated in Switzerland for business purposes.,"955 Financial District, Bahamas"
ENT_00136,Offshore Entity 137,Bermuda,2022-06-01,Other,Pandora Papers,Active,This is an offshore entity incorporated in Cayman Islands for business purposes.,"24 Financial District, Panama"
ENT_00137,Offshore Entity 138,Monaco,2016-05-20,Company,Offshore Leaks,Dissolved,This is an offshore entity incorporated in Cayman Islands for business purposes.,"803 Financial District, Bermuda"
ENT_00138,Offshore Entity 139,Luxembourg,2023-03-26,Trust,Offshore Leaks,Active,This is an offshore entity incorporated in Cyprus for business purposes.,"576 Financial District, Switzerland"
ENT_00139,Offshore Entity 140,Cayman Islands,2018-09-21,Trust,Bahamas Leaks,Inactive,This is an offshore entity incorporated in Switzerland for business purposes.,"949 Financial District, Monaco"
ENT_00140,Offshore Entity 141,Cyprus,2011-04-12,Other,Offshore Leaks,Dissolved,This is an offshore entity incorporated in Cyprus for business purposes.,"49 Financial District, Malta"
ENT_00141,Offshore Entity 142,Malta,2022-10-02,Foundation,Offshore Leaks,Active,This is an offshore entity incorporated in Bahamas for business purposes.,"578 Financial District, Monaco"
ENT_00142,Offshore Entity 143,Panama,2018-06-16,Other,Pandora Papers,Active,This is an offshore entity incorporated in Cayman Islands for business purposes.,"396 Financial District, British Virgin Islands"
ENT_00143,Offshore Entity 144,British Virgin Islands,2007-08-22,Company,Offshore Leaks,Dissolved,This is an offshore entity incorporated in Monaco for business purposes.,"606 Financial District, Monaco"
ENT_00144,Offshore Entity 145,Bahamas,2021-03-21,Other,Bahamas Leaks,Inactive,This is an offshore entity incorporated in Malta for business purposes.,"946 Financial District, Panama"
ENT_00145,Offshore Entity 146,Cyprus,2008-11-03,Foundation,Offshore Leaks,Inactive,This is an offshore entity incorporated in Monaco for business purposes.,"944 Financial District, Switzerland"
ENT_00146,Offshore Entity 147,Cyprus,2013-11-19,Foundation,Offshore Leaks,Inactive,This is an offshore entity incorporated in Bermuda for business purposes.,"976 Financial District, Bermuda"
ENT_00147,Offshore Entity 148,British Virgin Islands,2008-09-28,Trust,Pandora Papers,Active,This is an offshore entity incorporated in Monaco for business purposes.,"927 Financial District, Cayman Islands"
ENT_00148,Offshore Entity 149,Luxembourg,2008-12-31,Company,Panama Papers,Dissolved,This is an offshore entity incorporated in British Virgin Islands for business purposes.,"805 Financial District, Malta"
ENT_00149,Offshore Entity 150,Luxembourg,2019-10-26,Company,Paradise Papers,Active,This is an offshore entity incorporated in Bermuda for business purposes.,"31 Financial District, Monaco"
ENT_00150,Offshore Entity 151,Malta,2013-11-01,Company,Bahamas Leaks,Active,This is an offshore entity incorporated in British Virgin Islands for business purposes.,"952 Financial District, Cyprus"
ENT_00151,Offshore Entity 152,Luxembourg,2015-12-02,Company,Paradise Papers,Dissolved,This is an offshore entity incorporated in Bahamas for business purposes.,"565 Financial District, Bahamas"
ENT_00152,Offshore Entity 153,Switzerland,2019-09-07,Trust,Paradise Papers,Inactive,This is an offshore entity incorporated in Luxembourg for business purposes.,"403 Financial District, Cayman Islands"
ENT_00153,Offshore Entity 154,British Virgin Islands,2019-10-04,Trust,Pandora Papers,Active,This is an offshore entity incorporated in Luxembourg for business purposes.,"491 Financial District, Panama"
ENT_00154,Offshore Entity 155,British Virgin Islands,2021-08-07,Company,Paradise Papers,Dissolved,This is an offshore entity incorporated in Bermuda for business purposes.,"25 Financial District, Switzerland"
ENT_00155,Offshore Entity 156,Luxembourg,2013-11-09,Company,Panama Papers,Dissolved,This is an offshore entity incorporated in Bermuda for business purposes.,"906 Financial District, British Virgin Islands"
ENT_00156,Offshore Entity 157,Luxembourg,2016-12-22,Foundation,Paradise Papers,Inactive,This is an offshore entity incorporated in Switzerland for business purposes.,"608 Financial District, Cyprus"
ENT_00157,Offshore Entity 158,Malta,2007-12-13,Trust,Bahamas Leaks,Inactive,This is an offshore entity incorporated in Luxembourg for business purposes.,"521 Financial District, Monaco"
ENT_00158,Offshore Entity 159,Cyprus,2013-01-23,Other,Offshore Leaks,Dissolved,This is an offshore entity incorporated in Luxembourg for business purposes.,"647 Financial District, Malta"
ENT_00159,Offshore Entity 160,Luxembourg,2009-11-21,Foundation,Pandora Papers,Inactive,This is an offshore entity incorporated in British Virgin Islands for business purposes.,"895 Financial District, Switzerland"
ENT_00160,Offshore Entity 161,British Virgin Islands,2023-12-28,Other,Panama Papers,Active,This is an offshore entity incorporated in Luxembourg for business purposes.,"769 Financial District, Bermuda"
ENT_00161,Offshore Entity 162,Panama,2011-12-22,Foundation,Offshore Leaks,Active,This is an offshore entity incorporated in Bermuda for business purposes.,"325 Financial District, Panama"
ENT_00162,Offshore Entity 163,British Virgin Islands,2007-07-18,Company,Paradise Papers,Inactive,This is an offshore entity incorporated in Cayman Islands for business purposes.,"1 Financial District, Cayman Islands"
ENT_00163,Offshore Entity 164,Bahamas,2008-10-31,Trust,Offshore Leaks,Active,This is an offshore entity incorporated in British Virgin Islands for business purposes.,"387 Financial District, Bermuda"
ENT_00164,Offshore Entity 165,British Virgin Islands,2012-11-01,Trust,Paradise Papers,Inactive,This is an offshore entity incorporated in Malta for business purposes.,"876 Financial District, Switzerland"
ENT_00165,Offshore Entity 166,Panama,2009-05-07,Company,Pandora Papers,Active,This is an offshore entity incorporated in Switzerland for business purposes.,"868 Financial District, Luxembourg"
ENT_00166,Offshore Entity 167,Bermuda,2020-08-13,Other,Bahamas Leaks,Active,This is an offshore entity incorporated in Malta for business purposes.,"867 Financial District, Monaco"
ENT_00167,Offshore Entity 168,Panama,2008-09-01,Trust,Paradise Papers,Dissolved,This is an offshore entity incorporated in Cayman Islands for business purposes.,"413 Financial District, Monaco"
ENT_00168,Offshore Entity 169,Malta,2005-11-05,Trust,Offshore Leaks,Dissolved,This is an offshore entity incorporated in Malta for business purposes.,"467 Financial District, Monaco"
ENT_00169,Offshore Entity 170,Bermuda,2020-09-13,Trust,Bahamas Leaks,Active,This is an offshore entity incorporated in Bermuda for business purposes.,"671 Financial District, Monaco"
ENT_00170,Offshore Entity 171,British Virgin Islands,2011-10-11,Trust,Offshore Leaks,Active,This is an offshore entity incorporated in British Virgin Islands for business purposes.,"745 Financial District, British Virgin Islands"
ENT_00171,Offshore Entity 172,Monaco,2012-07-17,Other,Paradise Papers,Active,This is an offshore entity incorporated in Malta for business purposes.,"536 Financial District, Cyprus"
ENT_00172,Offshore Entity 173,Cayman Islands,2009-06-20,Trust,Paradise Papers,Dissolved,This is an offshore entity incorporated in Malta for business purposes.,"29 Financial District, Bahamas"
ENT_00173,Offshore Entity 174,British Virgin Islands,2014-03-29,Trust,Offshore Leaks,Dissolved,This is an offshore entity incorporated in Bermuda for business purposes.,"745 Financial District, British Virgin Islands"
ENT_00174,Offshore Entity 175,Luxembourg,2024-05-03,Other,Offshore Leaks,Inactive,This is an offshore entity incorporated in Malta for business purposes.,"812 Financial District, Malta"
ENT_00175,Offshore Entity 176,British Virgin Islands,2015-07-11,Foundation,Panama Papers,Inactive,This is an offshore entity incorporated in Monaco for business purposes.,"846 Financial District, Panama"
ENT_00176,Offshore Entity 177,Panama,2010-10-01,Other,Pandora Papers,Active,This is an offshore entity incorporated in Luxembourg for business purposes.,"789 Financial District, Malta"
ENT_00177,Offshore Entity 178,Switzerland,2014-06-12,Foundation,Paradise Papers,Active,This is an offshore entity incorporated in Cayman Islands for business purposes.,"179 Financial District, Bermuda"
ENT_00178,Offshore Entity 179,Cayman Islands,2013-04-26,Company,Pandora Papers,Dissolved,This is an offshore entity incorporated in Luxembourg for business purposes.,"827 Financial District, Malta"
ENT_00179,Offshore Entity 180,Monaco,2008-01-11,Foundation,Offshore Leaks,Dissolved,This is an offshore entity incorporated in Bermuda for business purposes.,"792 Financial District, Bermuda"
ENT_00180,Offshore Entity 181,Panama,2021-07-06,Other,Panama Papers,Active,This is an offshore entity incorporated in Malta for business purposes.,"288 Financial District, Monaco"
ENT_00181,Offshore Entity 182,Bahamas,2009-11-07,Foundation,Bahamas Leaks,Active,This is an offshore entity incorporated in Bermuda for business purposes.,"942 Financial District, Switzerland"
ENT_00182,Offshore Entity 183,Cayman Islands,2007-08-03,Other,Panama Papers,Inactive,This is an offshore entity incorporated in Panama for business purposes.,"27 Financial District, Luxembourg"
ENT_00183,Offshore Entity 184,Luxembourg,2021-08-21,Trust,Bahamas Leaks,Dissolved,This is an offshore entity incorporated in Cyprus for business purposes.,"994 Financial District, Luxembourg"
ENT_00184,Offshore Entity 185,Cayman Islands,2014-06-21,Other,Paradise Papers,Active,This is an offshore entity incorporated in British Virgin Islands for business purposes.,"585 Financial District, Luxembourg"
ENT_00185,Offshore Entity 186,Luxembourg,2017-08-19,Trust,Pandora Papers,Inactive,This is an offshore entity incorporated in Switzerland for business purposes.,"624 Financial District, Monaco"
ENT_00186,Offshore Entity 187,Monaco,2008-03-28,Foundation,Pandora Papers,Dissolved,This is an offshore entity incorporated in Malta for business purposes.,"480 Financial District, Panama"
ENT_00187,Offshore Entity 188,Bermuda,2011-09-27,Other,Bahamas Leaks,Inactive,This is an offshore entity incorporated in Bermuda for business purposes.,"147 Financial District, Malta"
ENT_00188,Offshore Entity 189,Cyprus,2023-10-19,Company,Panama Papers,Active,This is an offshore entity incorporated in Cyprus for business purposes.,"970 Financial District, Bermuda"
ENT_00189,Offshore Entity 190,Cayman Islands,2011-12-09,Trust,Panama Papers,Dissolved,This is an offshore entity incorporated in Monaco for business purposes.,"16 Financial District, Monaco"
ENT_00190,Offshore Entity 191,Luxembourg,2022-02-21,Trust,Panama Papers,Active,This is an offshore entity incorporated in Malta for business purposes.,"665 Financial District, Monaco"
ENT_00191,Offshore Entity 192,Malta,2011-04-13,Company,Panama Papers,Active,This is an offshore entity incorporated in Panama for business purposes.,"995 Financial District, British Virgin Islands"
ENT_00192,Offshore Entity 193,British Virgin Islands,2018-10-22,Trust,Panama Papers,Dissolved,This is an offshore entity incorporated in Switzerland for business purposes.,"886 Financial District, Monaco"
ENT_00193,Offshore Entity 194,Bahamas,2024-02-01,Other,Pandora Papers,Inactive,This is an offshore entity incorporated in Malta for business purposes.,"923 Financial District, Monaco"
ENT_00194,Offshore Entity 195,Cyprus,2015-10-08,Company,Pandora Papers,Dissolved,This is an offshore entity incorporated in Malta for business purposes.,"797 Financial District, Malta"
ENT_00195,Offshore Entity 196,Malta,2022-11-01,Trust,Pandora Papers,Inactive,This is an offshore entity incorporated in Cayman Islands for business purposes.,"533 Financial District, Bahamas"
ENT_00196,Offshore Entity 197,Cyprus,2019-10-26,Trust,Offshore Leaks,Dissolved,This is an offshore entity incorporated in Cayman Islands for business purposes.,"784 Financial District, Bermuda"
ENT_00197,Offshore Entity 198,Panama,2008-08-24,Foundation,Bahamas Leaks,Active,This is an offshore entity incorporated in Panama for business purposes.,"167 Financial District, Panama"
ENT_00198,Offshore Entity 199,Cayman Islands,2017-10-20,Other,Paradise Papers,Inactive,This is an offshore entity incorporated in Panama for business purposes.,"758 Financial District, British Virgin Islands"
ENT_00199,Offshore Entity 200,British Virgin Islands,2018-09-18,Foundation,Pandora Papers,Inactive,This is an offshore entity incorporated in Cyprus for business purposes.,"681 Financial District, Malta"
ENT_00200,Offshore Entity 201,British Virgin Islands,2017-11-07,Trust,Panama Papers,Dissolved,This is an offshore entity incorporated in Bermuda for business purposes.,"980 Financial District, Malta"
ENT_00201,Offshore Entity 202,Malta,2022-03-31,Trust,Paradise Papers,Dissolved,This is an offshore entity incorporated in Switzerland for business purposes.,"81 Financial District, Bahamas"
ENT_00202,Offshore Entity 203,Luxembourg,2011-12-30,Company,Offshore Leaks,Inactive,This is an offshore entity incorporated in Switzerland for business purposes.,"340 Financial District, Monaco"
ENT_00203,Offshore Entity 204,Luxembourg,2024-03-02,Trust,Pandora Papers,Dissolved,This is an offshore entity incorporated in Malta for business purposes.,"472 Financial District, Switzerland"
ENT_00204,Offshore Entity 205,Bahamas,2015-08-25,Other,Pandora Papers,Dissolved,This is an offshore entity incorporated in Bermuda for business purposes.,"93 Financial District, Malta"
ENT_00205,Offshore Entity 206,Cyprus,2018-09-09,Other,Panama Papers,Active,This is an offshore entity incorporated in Luxembourg for business purposes.,"937 Financial District, Cayman Islands"
ENT_00206,Offshore Entity 207,Cyprus,2017-06-11,Company,Paradise Papers,Inactive,This is an offshore entity incorporated in Malta for business purposes.,"573 Financial District, Luxembourg"
ENT_00207,Offshore Entity 208,Bahamas,2015-06-22,Trust,Bahamas Leaks,Active,This is an offshore entity incorporated in Switzerland for business purposes.,"190 Financial District, Cayman Islands"
ENT_00208,Offshore Entity 209,British Virgin Islands,2020-08-13,Foundation,Offshore Leaks,Active,This is an offshore entity incorporated in Cayman Islands for business purposes.,"374 Financial District, Panama"
ENT_00209,Offshore Entity 210,Bermuda,2005-08-02,Foundation,Panama Papers,Inactive,This is an offshore entity incorporated in Malta for business purposes.,"599 Financial District, British Virgin Islands"
ENT_00210,Offshore Entity 211,Cyprus,2013-06-16,Trust,Paradise Papers,Active,This is an offshore entity incorporated in British Virgin Islands for business purposes.,"428 Financial District, Panama"
ENT_00211,Offshore Entity 212,Cayman Islands,2020-08-31,Trust,Panama Papers,Dissolved,This is an offshore entity incorporated in Switzerland for business purposes.,"158 Financial District, Panama"
ENT_00212,Offshore Entity 213,Bahamas,2018-05-30,Foundation,Bahamas Leaks,Active,This is an offshore entity incorporated in Malta for business purposes.,"298 Financial District, Monaco"
ENT_00213,Offshore Entity 214,Luxembourg,2006-12-11,Company,Paradise Papers,Inactive,This is an offshore entity incorporated in Luxembourg for business purposes.,"51 Financial District, British Virgin Islands"
ENT_00214,Offshore Entity 215,Cyprus,2015-01-21,Trust,Offshore Leaks,Inactive,This is an offshore entity incorporated in Bermuda for business purposes.,"707 Financial District, Luxembourg"
ENT_00215,Offshore Entity 216,Malta,2009-09-29,Other,Paradise Papers,Active,This is an offshore entity incorporated in Panama for business purposes.,"251 Financial District, Bermuda"
ENT_00216,Offshore Entity 217,Cayman Islands,2019-08-03,Other,Panama Papers,Dissolved,This is an offshore entity incorporated in Monaco for business purposes.,"446 Financial District, Cyprus"
ENT_00217,Offshore Entity 218,Panama,2007-09-04,Foundation,Pandora Papers,Dissolved,This is an offshore entity incorporated in Bahamas for business purposes.,"69 Financial District, Monaco"
ENT_00218,Offshore Entity 219,Bahamas,2005-08-27,Other,Pandora Papers,Active,This is an offshore entity incorporated in Panama for business purposes.,"162 Financial District, Bermuda"
ENT_00219,Offshore Entity 220,British Virgin Islands,2008-05-07,Foundation,Bahamas Leaks,Dissolved,This is an offshore entity incorporated in Bermuda for business purposes.,"147 Financial District, Cayman Islands"
ENT_00220,Offshore Entity 221,British Virgin Islands,2006-05-23,Trust,Panama Papers,Active,This is an offshore entity incorporated in Switzerland for business purposes.,"955 Financial District, Bahamas"
ENT_00221,Offshore Entity 222,Malta,2006-09-16,Other,Pandora Papers,Inactive,This is an offshore entity incorporated in Bermuda for business purposes.,"16 Financial District, Bahamas"
ENT_00222,Offshore Entity 223,Panama,2020-12-07,Foundation,Bahamas Leaks,Dissolved,This is an offshore entity incorporated in Panama for business purposes.,"552 Financial District, British Virgin Islands"
ENT_00223,Offshore Entity 224,Bermuda,2011-02-12,Company,Bahamas Leaks,Inactive,This is an offshore entity incorporated in British Virgin Islands for business purposes.,"727 Financial District, Malta"
ENT_00224,Offshore Entity 225,British Virgin Islands,2020-11-01,Foundation,Paradise Papers,Active,This is an offshore entity incorporated in Luxembourg for business purposes.,"914 Financial District, Malta"
ENT_00225,Offshore Entity 226,Panama,2012-03-31,Foundation,Pandora Papers,Active,This is an offshore entity incorporated in Malta for business purposes.,"519 Financial District, Malta"
ENT_00226,Offshore Entity 227,Bermuda,2014-03-05,Company,Pandora Papers,Inactive,This is an offshore entity incorporated in Malta for business purposes.,"827 Financial District, Bahamas"
ENT_00227,Offshore Entity 228,Panama,2020-03-08,Company,Panama Papers,Active,This is an offshore entity incorporated in Malta for business purposes.,"618 Financial District, Luxembourg"
ENT_00228,Offshore Entity 229,Panama,2011-03-30,Other,Pandora Papers,Dissolved,This is an offshore entity incorporated in Bahamas for business purposes.,"127 Financial District, British Virgin Islands"
ENT_00229,Offshore Entity 230,Monaco,2019-02-28,Trust,Offshore Leaks,Dissolved,This is an offshore entity incorporated in Cayman Islands for business purposes.,"320 Financial District, Switzerland"
ENT_00230,Offshore Entity 231,Panama,2020-03-19,Trust,Paradise Papers,Active,This is an offshore entity incorporated in Bahamas for business purposes.,"143 Financial District, Monaco"
ENT_00231,Offshore Entity 232,Bahamas,2006-03-30,Company,Bahamas Leaks,Inactive,This is an offshore entity incorporated in Malta for business purposes.,"739 Financial District, Cayman Islands"
ENT_00232,Offshore Entity 233,Monaco,2006-12-03,Other,Panama Papers,Active,This is an offshore entity incorporated in Bermuda for business purposes.,"453 Financial District, Cayman Islands"
ENT_00233,Offshore Entity 234,Malta,2009-07-05,Other,Panama Papers,Active,This is an offshore entity incorporated in Malta for business purposes.,"982 Financial District, Malta"
ENT_00234,Offshore Entity 235,Malta,2016-04-21,Foundation,Bahamas Leaks,Dissolved,This is an offshore entity incorporated in Luxembourg for business purposes.,"779 Financial District, Switzerland"
ENT_00235,Offshore Entity 236,Switzerland,2016-06-26,Foundation,Paradise Papers,Active,This is an offshore entity incorporated in Bahamas for business purposes.,"94 Financial District, Cayman Islands"
ENT_00236,Offshore Entity 237,Monaco,2023-08-27,Company,Pandora Papers,Active,This is an offshore entity incorporated in Panama for business purposes.,"23 Financial District, Cayman Islands"
ENT_00237,Offshore Entity 238,Malta,2014-04-15,Company,Bahamas Leaks,Active,This is an offshore entity incorporated in Bermuda for business purposes.,"471 Financial District, Bahamas"
ENT_00238,Offshore Entity 239,Luxembourg,2016-04-19,Other,Panama Papers,Inactive,This is an offshore entity incorporated in Malta for business purposes.,"731 Financial District, Cyprus"
ENT_00239,Offshore Entity 240,Bahamas,2006-09-29,Foundation,Paradise Papers,Active,This is an offshore entity incorporated in Switzerland for business purposes.,"302 Financial District, Monaco"
ENT_00240,Offshore Entity 241,Cayman Islands,2008-07-01,Trust,Panama Papers,Active,This is an offshore entity incorporated in Monaco for business purposes.,"615 Financial District, Malta"
ENT_00241,Offshore Entity 242,Malta,2008-03-30,Trust,Offshore Leaks,Active,This is an offshore entity incorporated in Monaco for business purposes.,"275 Financial District, Malta"
ENT_00242,Offshore Entity 243,British Virgin Islands,2019-04-28,Trust,Paradise Papers,Dissolved,This is an offshore entity incorporated in Malta for business purposes.,"921 Financial District, Cyprus"
ENT_00243,Offshore Entity 244,Bahamas,2009-02-15,Other,Offshore Leaks,Inactive,This is an offshore entity incorporated in Cyprus for business purposes.,"155 Financial District, Luxembourg"
ENT_00244,Offshore Entity 245,Monaco,2019-11-19,Trust,Offshore Leaks,Dissolved,This is an offshore entity incorporated in Cyprus for business purposes.,"708 Financial District, British Virgin Islands"
ENT_00245,Offshore Entity 246,British Virgin Islands,2014-11-06,Other,Offshore Leaks,Dissolved,This is an offshore entity incorporated in Panama for business purposes.,"597 Financial District, Monaco"
ENT_00246,Offshore Entity 247,Malta,2018-11-04,Other,Panama Papers,Active,This is an offshore entity incorporated in Monaco for business purposes.,"54 Financial District, Cyprus"
ENT_00247,Offshore Entity 248,Monaco,2019-07-23,Company,Paradise Papers,Active,This is an offshore entity incorporated in Bahamas for business purposes.,"138 Financial District, Cayman Islands"
ENT_00248,Offshore Entity 249,Panama,2013-10-21,Trust,Offshore Leaks,Active,This is an offshore entity incorporated in Bermuda for business purposes.,"718 Financial District, Cayman Islands"
ENT_00249,Offshore Entity 250,Cyprus,2017-09-20,Trust,Pandora Papers,Active,This is an offshore entity incorporated in Switzerland for business purposes.,"472 Financial District, Malta"
ENT_00250,Offshore Entity 251,Panama,2011-07-20,Foundation,Pandora Papers,Dissolved,This is an offshore entity incorporated in Monaco for business purposes.,"736 Financial District, Switzerland"
ENT_00251,Offshore Entity 252,Malta,2021-07-07,Foundation,Paradise Papers,Dissolved,This is an offshore entity incorporated in Cayman Islands for business purposes.,"429 Financial District, Panama"
ENT_00252,Offshore Entity 253,Panama,2023-07-28,Foundation,Paradise Papers,Inactive,This is an offshore entity incorporated in British Virgin Islands for business purposes.,"295 Financial District, Bahamas"
ENT_00253,Offshore Entity 254,Bermuda,2020-07-21,Company,Bahamas Leaks,Dissolved,This is an offshore entity incorporated in Malta for business purposes.,"3 Financial District, Monaco"
ENT_00254,Offshore Entity 255,Monaco,2013-08-05,Company,Bahamas Leaks,Active,This is an offshore entity incorporated in Luxembourg for business purposes.,"851 Financial District, Luxembourg"
ENT_00255,Offshore Entity 256,Panama,2016-04-06,Company,Paradise Papers,Active,This is an offshore entity incorporated in Cayman Islands for business purposes.,"150 Financial District, Cyprus"
ENT_00256,Offshore Entity 257,Bermuda,2018-08-22,Company,Bahamas Leaks,Dissolved,This is an offshore entity incorporated in Switzerland for business purposes.,"56 Financial District, Cayman Islands"
ENT_00257,Offshore Entity 258,Monaco,2011-10-29,Trust,Bahamas Leaks,Dissolved,This is an offshore entity incorporated in Monaco for business purposes.,"839 Financial District, Switzerland"
ENT_00258,Offshore Entity 259,Switzerland,2006-10-21,Foundation,Paradise Papers,Inactive,This is an offshore entity incorporated in British Virgin Islands for business purposes.,"620 Financial District, Luxembourg"
ENT_00259,Offshore Entity 260,Bermuda,2012-02-05,Foundation,Panama Papers,Active,This is an offshore entity incorporated in British Virgin Islands for business purposes.,"314 Financial District, British Virgin Islands"
ENT_00260,Offshore Entity 261,Malta,2023-01-21,Other,Pandora Papers,Active,This is an offshore entity incorporated in Switzerland for business purposes.,"195 Financial District, Bahamas"
ENT_00261,Offshore Entity 262,Malta,2023-04-24,Other,Bahamas Leaks,Active,This is an offshore entity incorporated in Bahamas for business purposes.,"312 Financial District, Cayman Islands"
ENT_00262,Offshore Entity 263,Bahamas,2020-12-28,Company,Bahamas Leaks,Active,This is an offshore entity incorporated in Monaco for business purposes.,"686 Financial District, Panama"
ENT_00263,Offshore Entity 264,Cayman Islands,2013-02-01,Company,Pandora Papers,Active,This is an offshore entity incorporated in Cayman Islands for business purposes.,"269 Financial District, Malta"
ENT_00264,Offshore Entity 265,Malta,2011-06-20,Foundation,Paradise Papers,Inactive,This is an offshore entity incorporated in Cyprus for business purposes.,"274 Financial District, Malta"
ENT_00265,Offshore Entity 266,Switzerland,2020-10-27,Trust,Bahamas Leaks,Active,This is an offshore entity incorporated in Monaco for business purposes.,"802 Financial District, Switzerland"
ENT_00266,Offshore Entity 267,Bermuda,2014-09-15,Company,Offshore Leaks,Active,This is an offshore entity incorporated in Cyprus for business purposes.,"22 Financial District, Cyprus"
ENT_00267,Offshore Entity 268,Malta,2014-01-01,Other,Offshore Leaks,Active,This is an offshore entity incorporated in Malta for business purposes.,"192 Financial District, Malta"
ENT_00268,Offshore Entity 269,Cyprus,2006-06-23,Other,Bahamas Leaks,Active,This is an offshore entity incorporated in Luxembourg for business purposes.,"168 Financial District, Monaco"
ENT_00269,Offshore Entity 270,Cayman Islands,2014-02-16,Other,Offshore Leaks,Dissolved,This is an offshore entity incorporated in Bahamas for business purposes.,"531 Financial District, Bermuda"
ENT_00270,Offshore Entity 271,Luxembourg,2021-11-25,Other,Pandora Papers,Active,This is an offshore entity incorporated in Cyprus for business purposes.,"445 Financial District, Bahamas"
ENT_00271,Offshore Entity 272,Switzerland,2018-04-25,Trust,Panama Papers,Inactive,This is an offshore entity incorporated in Monaco for business purposes.,"698 Financial District, Switzerland"
ENT_00272,Offshore Entity 273,Bahamas,2018-06-18,Foundation,Pandora Papers,Active,This is an offshore entity incorporated in Malta for business purposes.,"706 Financial District, Switzerland"
ENT_00273,Offshore Entity 274,Panama,2011-09-15,Other,Offshore Leaks,Inactive,This is an offshore entity incorporated in Malta for business purposes.,"700 Financial District, Malta"
ENT_00274,Offshore Entity 275,Cyprus,2005-08-07,Company,Panama Papers,Dissolved,This is an offshore entity incorporated in Monaco for business purposes.,"302 Financial District, Luxembourg"
ENT_00275,Offshore Entity 276,Luxembourg,2020-02-04,Company,Offshore Leaks,Active,This is an offshore entity incorporated in Monaco for business purposes.,"755 Financial District, Panama"
ENT_00276,Offshore Entity 277,Monaco,2017-07-21,Foundation,Panama Papers,Dissolved,This is an offshore entity incorporated in Malta for business purposes.,"149 Financial District, British Virgin Islands"
ENT_00277,Offshore Entity 278,Luxembourg,2016-12-01,Trust,Offshore Leaks,Inactive,This is an offshore entity incorporated in Cayman Islands for business purposes.,"73 Financial District, Bahamas"
ENT_00278,Offshore Entity 279,Bahamas,2019-10-14,Company,Bahamas Leaks,Dissolved,This is an offshore entity incorporated in Bermuda for business purposes.,"675 Financial District, Monaco"
ENT_00279,Offshore Entity 280,Cyprus,2009-05-21,Foundation,Panama Papers,Inactive,This is an offshore entity incorporated in Cayman Islands for business purposes.,"240 Financial District, Cayman Islands"
ENT_00280,Offshore Entity 281,Monaco,2009-07-26,Foundation,Panama Papers,Inactive,This is an offshore entity incorporated in Bermuda for business purposes.,"654 Financial District, Switzerland"
ENT_00281,Offshore Entity 282,Cyprus,2021-06-01,Foundation,Offshore Leaks,Inactive,This is an offshore entity incorporated in Luxembourg for business purposes.,"484 Financial District, Switzerland"
ENT_00282,Offshore Entity 283,Panama,2017-08-31,Company,Bahamas Leaks,Inactive,This is an offshore entity incorporated in Bahamas for business purposes.,"804 Financial District, Cayman Islands"
ENT_00283,Offshore Entity 284,Malta,2015-06-07,Foundation,Panama Papers,Inactive,This is an offshore entity incorporated in Bermuda for business purposes.,"105 Financial District, Bahamas"
ENT_00284,Offshore Entity 285,Bahamas,2017-12-12,Foundation,Offshore Leaks,Inactive,This is an offshore entity incorporated in Cayman Islands for business purposes.,"725 Financial District, Malta"
ENT_00285,Offshore Entity 286,Bahamas,2006-08-14,Company,Bahamas Leaks,Active,This is an offshore entity incorporated in Switzerland for business purposes.,"404 Financial District, Malta"
ENT_00286,Offshore Entity 287,Bermuda,2020-10-06,Other,Panama Papers,Inactive,This is an offshore entity incorporated in Cayman Islands for business purposes.,"606 Financial District, Bermuda"
ENT_00287,Offshore Entity 288,Bermuda,2019-09-30,Company,Offshore Leaks,Active,This is an offshore entity incorporated in Cyprus for business purposes.,"931 Financial District, Cyprus"
ENT_00288,Offshore Entity 289,Bahamas,2017-05-29,Foundation,Panama Papers,Inactive,This is an offshore entity incorporated in Switzerland for business purposes.,"20 Financial District, Bermuda"
ENT_00289,Offshore Entity 290,Bermuda,2016-08-04,Other,Pandora Papers,Dissolved,This is an offshore entity incorporated in Malta for business purposes.,"612 Financial District, Cayman Islands"
ENT_00290,Offshore Entity 291,Monaco,2021-02-21,Trust,Panama Papers,Inactive,This is an offshore entity incorporated in Cyprus for business purposes.,"274 Financial District, Panama"
ENT_00291,Offshore Entity 292,Monaco,2023-09-29,Foundation,Pandora Papers,Inactive,This is an offshore entity incorporated in British Virgin Islands for business purposes.,"608 Financial District, Malta"
ENT_00292,Offshore Entity 293,Panama,2013-07-19,Trust,Paradise Papers,Inactive,This is an offshore entity incorporated in Monaco for business purposes.,"489 Financial District, Cayman Islands"
ENT_00293,Offshore Entity 294,Cyprus,2013-10-25,Trust,Offshore Leaks,Inactive,This is an offshore entity incorporated in Cayman Islands for business purposes.,"711 Financial District, Cayman Islands"
ENT_00294,Offshore Entity 295,Luxembourg,2019-01-30,Company,Panama Papers,Inactive,This is an offshore entity incorporated in British Virgin Islands for business purposes.,"483 Financial District, Switzerland"
ENT_00295,Offshore Entity 296,Malta,2023-06-12,Trust,Offshore Leaks,Dissolved,This is an offshore entity incorporated in Monaco for business purposes.,"266 Financial District, Monaco"
ENT_00296,Offshore Entity 297,Cyprus,2009-05-27,Other,Bahamas Leaks,Dissolved,This is an offshore entity incorporated in Luxembourg for business purposes.,"60 Financial District, Switzerland"
ENT_00297,Offshore Entity 298,Malta,2019-07-12,Foundation,Paradise Papers,Inactive,This is an offshore entity incorporated in Bahamas for business purposes.,"573 Financial District, Malta"
ENT_00298,Offshore Entity 299,Luxembourg,2020-09-21,Trust,Pandora Papers,Active,This is an offshore entity incorporated in Luxembourg for business purposes.,"836 Financial District, British Virgin Islands"
ENT_00299,Offshore Entity 300,Luxembourg,2011-05-07,Company,Paradise Papers,Dissolved,This is an offshore entity incorporated in British Virgin Islands for business purposes.,"901 Financial District, Panama"
ENT_00300,Offshore Entity 301,Cayman Islands,2006-04-21,Other,Panama Papers,Dissolved,This is an offshore entity incorporated in Bahamas for business purposes.,"990 Financial District, Bermuda"
ENT_00301,Offshore Entity 302,Panama,2017-04-04,Company,Panama Papers,Inactive,This is an offshore entity incorporated in British Virgin Islands for business purposes.,"500 Financial District, Bermuda"
ENT_00302,Offshore Entity 303,Bahamas,2018-02-26,Other,Paradise Papers,Active,This is an offshore entity incorporated in Cyprus for business purposes.,"911 Financial District, Switzerland"
ENT_00303,Offshore Entity 304,Monaco,2018-03-21,Company,Bahamas Leaks,Inactive,This is an offshore entity incorporated in Luxembourg for business purposes.,"42 Financial District, Bermuda"
ENT_00304,Offshore Entity 305,Luxembourg,2014-08-14,Foundation,Offshore Leaks,Inactive,This is an offshore entity incorporated in Bermuda for business purposes.,"200 Financial District, Switzerland"
ENT_00305,Offshore Entity 306,Cyprus,2015-09-28,Trust,Pandora Papers,Dissolved,This is an offshore entity incorporated in Malta for business purposes.,"421 Financial District, Switzerland"
ENT_00306,Offshore Entity 307,Cayman Islands,2021-08-25,Trust,Bahamas Leaks,Active,This is an offshore entity incorporated in Panama for business purposes.,"290 Financial District, British Virgin Islands"
ENT_00307,Offshore Entity 308,Luxembourg,2022-10-13,Trust,Pandora Papers,Inactive,This is an offshore entity incorporated in Switzerland for business purposes.,"579 Financial District, Switzerland"
ENT_00308,Offshore Entity 309,Malta,2007-05-27,Foundation,Offshore Leaks,Active,This is an offshore entity incorporated in Cyprus for business purposes.,"911 Financial District, Bermuda"
ENT_00309,Offshore Entity 310,Monaco,2015-01-27,Foundation,Bahamas Leaks,Inactive,This is an offshore entity incorporated in Luxembourg for business purposes.,"232 Financial District, Cyprus"
ENT_00310,Offshore Entity 311,Cayman Islands,2014-10-23,Foundation,Pandora Papers,Dissolved,This is an offshore entity incorporated in Cyprus for business purposes.,"501 Financial District, Cayman Islands"
ENT_00311,Offshore Entity 312,Cayman Islands,2013-05-02,Company,Offshore Leaks,Active,This is an offshore entity incorporated in Panama for business purposes.,"770 Financial District, Bahamas"
ENT_00312,Offshore Entity 313,Monaco,2018-07-31,Foundation,Pandora Papers,Inactive,This is an offshore entity incorporated in Cayman Islands for business purposes.,"863 Financial District, Luxembourg"
ENT_00313,Offshore Entity 314,British Virgin Islands,2023-02-17,Other,Offshore Leaks,Dissolved,This is an offshore entity incorporated in Luxembourg for business purposes.,"935 Financial District, Switzerland"
ENT_00314,Offshore Entity 315,Bermuda,2009-02-25,Company,Bahamas Leaks,Active,This is an offshore entity incorporated in Panama for business purposes.,"259 Financial District, British Virgin Islands"
ENT_00315,Offshore Entity 316,Bermuda,2015-08-16,Trust,Panama Papers,Dissolved,This is an offshore entity incorporated in Bahamas for business purposes.,"389 Financial District, Switzerland"
ENT_00316,Offshore Entity 317,Cyprus,2007-11-26,Company,Panama Papers,Inactive,This is an offshore entity incorporated in Bermuda for business purposes.,"876 Financial District, Panama"
ENT_00317,Offshore Entity 318,Malta,2018-02-22,Trust,Bahamas Leaks,Dissolved,This is an offshore entity incorporated in Bahamas for business purposes.,"117 Financial District, Cayman Islands"
ENT_00318,Offshore Entity 319,Cyprus,2015-07-14,Company,Panama Papers,Dissolved,This is an offshore entity incorporated in Monaco for business purposes.,"324 Financial District, Luxembourg"
ENT_00319,Offshore Entity 320,Cyprus,2021-06-15,Other,Paradise Papers,Dissolved,This is an offshore entity incorporated in British Virgin Islands for business purposes.,"648 Financial District, Bermuda"
ENT_00320,Offshore Entity 321,Monaco,2013-05-19,Other,Pandora Papers,Active,This is an offshore entity incorporated in Malta for business purposes.,"75 Financial District, Cyprus"
ENT_00321,Offshore Entity 322,British Virgin Islands,2018-08-22,Trust,Bahamas Leaks,Inactive,This is an offshore entity incorporated in Panama for business purposes.,"665 Financial District, Luxembourg"
ENT_00322,Offshore Entity 323,British Virgin Islands,2011-06-07,Foundation,Panama Papers,Active,This is an offshore entity incorporated in Bahamas for business purposes.,"96 Financial District, Luxembourg"
ENT_00323,Offshore Entity 324,Panama,2009-03-27,Company,Paradise Papers,Dissolved,This is an offshore entity incorporated in Switzerland for business purposes.,"239 Financial District, Malta"
ENT_00324,Offshore Entity 325,Malta,2010-02-02,Foundation,Pandora Papers,Inactive,This is an offshore entity incorporated in Bermuda for business purposes.,"787 Financial District, Cyprus"
ENT_00325,Offshore Entity 326,Malta,2021-10-24,Other,Panama Papers,Inactive,This is an offshore entity incorporated in Monaco for business purposes.,"507 Financial District, Cayman Islands"
ENT_00326,Offshore Entity 327,Bermuda,2020-01-20,Foundation,Paradise Papers,Dissolved,This is an offshore entity incorporated in Bahamas for business purposes.,"709 Financial District, Cyprus"
ENT_00327,Offshore Entity 328,Bermuda,2008-09-28,Foundation,Offshore Leaks,Dissolved,This is an offshore entity incorporated in Luxembourg for business purposes.,"891 Financial District, British Virgin Islands"
ENT_00328,Offshore Entity 329,Bermuda,2018-09-16,Trust,Bahamas Leaks,Dissolved,This is an offshore entity incorporated in Bermuda for business purposes.,"652 Financial District, Luxembourg"
ENT_00329,Offshore Entity 330,Monaco,2006-09-15,Foundation,Panama Papers,Inactive,This is an offshore entity incorporated in Malta for business purposes.,"690 Financial District, Cayman Islands"
ENT_00330,Offshore Entity 331,British Virgin Islands,2024-06-27,Company,Paradise Papers,Inactive,This is an offshore entity incorporated in Panama for business purposes.,"58 Financial District, Malta"
ENT_00331,Offshore Entity 332,Cayman Islands,2007-02-05,Foundation,Bahamas Leaks,Active,This is an offshore entity incorporated in Bermuda for business purposes.,"101 Financial District, Switzerland"
ENT_00332,Offshore Entity 333,Malta,2009-08-19,Other,Bahamas Leaks,Active,This is an offshore entity incorporated in Panama for business purposes.,"922 Financial District, Bahamas"
ENT_00333,Offshore Entity 334,Bahamas,2015-08-19,Foundation,Offshore Leaks,Active,This is an offshore entity incorporated in Bahamas for business purposes.,"2 Financial District, Bermuda"
ENT_00334,Offshore Entity 335,Bahamas,2007-03-22,Trust,Offshore Leaks,Active,This is an offshore entity incorporated in Malta for business purposes.,"537 Financial District, Bahamas"
ENT_00335,Offshore Entity 336,Switzerland,2010-12-14,Foundation,Paradise Papers,Dissolved,This is an offshore entity incorporated in Panama for business purposes.,"787 Financial District, Panama"
ENT_00336,Offshore Entity 337,British Virgin Islands,2012-07-21,Other,Paradise Papers,Dissolved,This is an offshore entity incorporated in Malta for business purposes.,"159 Financial District, Cayman Islands"
ENT_00337,Offshore Entity 338,Cyprus,2021-07-14,Company,Paradise Papers,Active,This is an offshore entity incorporated in Panama for business purposes.,"81 Financial District, Malta"
ENT_00338,Offshore Entity 339,Bahamas,2006-03-24,Company,Offshore Leaks,Active,This is an offshore entity incorporated in Malta for business purposes.,"698 Financial District, Bermuda"
ENT_00339,Offshore Entity 340,Bahamas,2011-06-19,Trust,Panama Papers,Inactive,This is an offshore entity incorporated in Panama for business purposes.,"656 Financial District, Monaco"
ENT_00340,Offshore Entity 341,Monaco,2016-06-26,Company,Bahamas Leaks,Active,This is an offshore entity incorporated in Switzerland for business purposes.,"828 Financial District, Bermuda"
ENT_00341,Offshore Entity 342,Luxembourg,2016-06-09,Other,Paradise Papers,Inactive,This is an offshore entity incorporated in Bahamas for business purposes.,"670 Financial District, Luxembourg"
ENT_00342,Offshore Entity 343,Monaco,2018-07-27,Other,Pandora Papers,Active,This is an offshore entity incorporated in Switzerland for business purposes.,"246 Financial District, Cyprus"
ENT_00343,Offshore Entity 344,Monaco,2024-06-03,Trust,Bahamas Leaks,Inactive,This is an offshore entity incorporated in Cayman Islands for business purposes.,"194 Financial District, Bermuda"
ENT_00344,Offshore Entity 345,Cyprus,2015-07-17,Other,Pandora Papers,Active,This is an offshore entity incorporated in Cayman Islands for business purposes.,"636 Financial District, Cayman Islands"
ENT_00345,Offshore Entity 346,Switzerland,2011-08-20,Foundation,Bahamas Leaks,Dissolved,This is an offshore entity incorporated in Cyprus for business purposes.,"13 Financial District, Bahamas"
ENT_00346,Offshore Entity 347,Cayman Islands,2011-03-14,Foundation,Offshore Leaks,Dissolved,This is an offshore entity incorporated in Cyprus for business purposes.,"437 Financial District, British Virgin Islands"
ENT_00347,Offshore Entity 348,British Virgin Islands,2012-10-13,Foundation,Paradise Papers,Dissolved,This is an offshore entity incorporated in Panama for business purposes.,"287 Financial District, Bahamas"
ENT_00348,Offshore Entity 349,Monaco,2016-07-22,Trust,Offshore Leaks,Dissolved,This is an offshore entity incorporated in Monaco for business purposes.,"83 Financial District, Monaco"
ENT_00349,Offshore Entity 350,Bahamas,2013-09-21,Other,Pandora Papers,Active,This is an offshore entity incorporated in British Virgin Islands for business purposes.,"454 Financial District, Switzerland"
ENT_00350,Offshore Entity 351,Monaco,2015-04-16,Foundation,Bahamas Leaks,Active,This is an offshore entity incorporated in Bahamas for business purposes.,"456 Financial District, Monaco"
ENT_00351,Offshore Entity 352,Bermuda,2023-03-19,Foundation,Panama Papers,Inactive,This is an offshore entity incorporated in British Virgin Islands for business purposes.,"32 Financial District, Luxembourg"
ENT_00352,Offshore Entity 353,Switzerland,2009-07-26,Company,Bahamas Leaks,Inactive,This is an offshore entity incorporated in British Virgin Islands for business purposes.,"192 Financial District, Panama"
ENT_00353,Offshore Entity 354,Panama,2014-05-07,Foundation,Pandora Papers,Dissolved,This is an offshore entity incorporated in British Virgin Islands for business purposes.,"53 Financial District, British Virgin Islands"
ENT_00354,Offshore Entity 355,Switzerland,2011-04-24,Other,Offshore Leaks,Active,This is an offshore entity incorporated in Switzerland for business purposes.,"855 Financial District, Monaco"
ENT_00355,Offshore Entity 356,Cyprus,2018-12-14,Other,Bahamas Leaks,Active,This is an offshore entity incorporated in Bermuda for business purposes.,"904 Financial District, Bermuda"
ENT_00356,Offshore Entity 357,Switzerland,2014-06-03,Company,Pandora Papers,Dissolved,This is an offshore entity incorporated in Luxembourg for business purposes.,"402 Financial District, Cyprus"
ENT_00357,Offshore Entity 358,Monaco,2019-11-26,Company,Bahamas Leaks,Active,This is an offshore entity incorporated in Luxembourg for business purposes.,"736 Financial District, Panama"
ENT_00358,Offshore Entity 359,Cyprus,2012-04-28,Company,Bahamas Leaks,Inactive,This is an offshore entity incorporated in Switzerland for business purposes.,"592 Financial District, Monaco"
ENT_00359,Offshore Entity 360,Cyprus,2008-06-08,Trust,Bahamas Leaks,Dissolved,This is an offshore entity incorporated in Cayman Islands for business purposes.,"739 Financial District, Luxembourg"
ENT_00360,Offshore Entity 361,Bermuda,2010-10-02,Company,Paradise Papers,Dissolved,This is an offshore entity incorporated in Malta for business purposes.,"783 Financial District, Cayman Islands"
ENT_00361,Offshore Entity 362,Monaco,2010-02-21,Foundation,Panama Papers,Dissolved,This is an offshore entity incorporated in Panama for business purposes.,"270 Financial District, Malta"
ENT_00362,Offshore Entity 363,Panama,2006-02-18,Company,Pandora Papers,Inactive,This is an offshore entity incorporated in Malta for business purposes.,"318 Financial District, Cayman Islands"
ENT_00363,Offshore Entity 364,British Virgin Islands,2014-04-18,Trust,Paradise Papers,Active,This is an offshore entity incorporated in Bahamas for business purposes.,"36 Financial District, British Virgin Islands"
ENT_00364,Offshore Entity 365,British Virgin Islands,2009-02-02,Foundation,Paradise Papers,Inactive,This is an offshore entity incorporated in British Virgin Islands for business purposes.,"701 Financial District, Bahamas"
ENT_00365,Offshore Entity 366,British Virgin Islands,2011-11-29,Trust,Pandora Papers,Inactive,This is an offshore entity incorporated in Bahamas for business purposes.,"2 Financial District, Cayman Islands"
ENT_00366,Offshore Entity 367,Switzerland,2022-05-18,Other,Pandora Papers,Active,This is an offshore entity incorporated in Cyprus for business purposes.,"86 Financial District, Cyprus"
ENT_00367,Offshore Entity 368,Switzerland,2020-02-15,Company,Panama Papers,Inactive,This is an offshore entity incorporated in Bahamas for business purposes.,"379 Financial District, Malta"
ENT_00368,Offshore Entity 369,Panama,2020-10-25,Other,Bahamas Leaks,Dissolved,This is an offshore entity incorporated in Malta for business purposes.,"584 Financial District, Switzerland"
ENT_00369,Offshore Entity 370,Cyprus,2022-03-17,Company,Offshore Leaks,Inactive,This is an offshore entity incorporated in Bahamas for business purposes.,"163 Financial District, Panama"
ENT_00370,Offshore Entity 371,Panama,2017-12-02,Trust,Pandora Papers,Active,This is an offshore entity incorporated in Panama for business purposes.,"750 Financial District, Luxembourg"
ENT_00371,Offshore Entity 372,Switzerland,2012-09-01,Other,Paradise Papers,Dissolved,This is an offshore entity incorporated in Panama for business purposes.,"929 Financial District, Cyprus"
ENT_00372,Offshore Entity 373,Bermuda,2013-04-27,Company,Panama Papers,Active,This is an offshore entity incorporated in Bermuda for business purposes.,"783 Financial District, British Virgin Islands"
ENT_00373,Offshore Entity 374,British Virgin Islands,2016-08-18,Other,Paradise Papers,Active,This is an offshore entity incorporated in Luxembourg for business purposes.,"796 Financial District, Luxembourg"
ENT_00374,Offshore Entity 375,Bermuda,2010-02-24,Trust,Bahamas Leaks,Inactive,This is an offshore entity incorporated in Bermuda for business purposes.,"781 Financial District, Panama"
ENT_00375,Offshore Entity 376,Switzerland,2009-10-05,Foundation,Panama Papers,Dissolved,This is an offshore entity incorporated in Bahamas for business purposes.,"296 Financial District, British Virgin Islands"
ENT_00376,Offshore Entity 377,Luxembourg,2011-08-07,Other,Paradise Papers,Dissolved,This is an offshore entity incorporated in Bermuda for business purposes.,"513 Financial District, Luxembourg"
ENT_00377,Offshore Entity 378,Monaco,2012-03-03,Company,Panama Papers,Inactive,This is an offshore entity incorporated in Luxembourg for business purposes.,"648 Financial District, Malta"
ENT_00378,Offshore Entity 379,Luxembourg,2016-12-21,Foundation,Pandora Papers,Active,This is an offshore entity incorporated in Bermuda for business purposes.,"300 Financial District, Panama"
ENT_00379,Offshore Entity 380,Switzerland,2012-04-28,Trust,Panama Papers,Dissolved,This is an offshore entity incorporated in Switzerland for business purposes.,"715 Financial District, Panama"
ENT_00380,Offshore Entity 381,Switzerland,2005-09-17,Foundation,Bahamas Leaks,Dissolved,This is an offshore entity incorporated in Luxembourg for business purposes.,"977 Financial District, Luxembourg"
ENT_00381,Offshore Entity 382,Panama,2011-11-04,Foundation,Panama Papers,Inactive,This is an offshore entity incorporated in Switzerland for business purposes.,"320 Financial District, Malta"
ENT_00382,Offshore Entity 383,British Virgin Islands,2015-07-02,Trust,Panama Papers,Inactive,This is an offshore entity incorporated in Panama for business purposes.,"543 Financial District, Cayman Islands"
ENT_00383,Offshore Entity 384,Monaco,2019-02-17,Company,Pandora Papers,Dissolved,This is an offshore entity incorporated in Cayman Islands for business purposes.,"623 Financial District, British Virgin Islands"
ENT_00384,Offshore Entity 385,Cyprus,2008-09-01,Trust,Bahamas Leaks,Active,This is an offshore entity incorporated in British Virgin Islands for business purposes.,"273 Financial District, British Virgin Islands"
ENT_00385,Offshore Entity 386,Bahamas,2005-10-04,Foundation,Offshore Leaks,Dissolved,This is an offshore entity incorporated in Malta for business purposes.,"736 Financial District, Bahamas"
ENT_00386,Offshore Entity 387,Panama,2023-05-12,Company,Offshore Leaks,Inactive,This is an offshore entity incorporated in Panama for business purposes.,"16 Financial District, Monaco"
ENT_00387,Offshore Entity 388,Bermuda,2013-10-29,Other,Panama Papers,Active,This is an offshore entity incorporated in Switzerland for business purposes.,"642 Financial District, Panama"
ENT_00388,Offshore Entity 389,Cayman Islands,2019-02-28,Foundation,Panama Papers,Active,This is an offshore entity incorporated in Panama for business purposes.,"215 Financial District, British Virgin Islands"
ENT_00389,Offshore Entity 390,Cayman Islands,2019-09-30,Trust,Offshore Leaks,Dissolved,This is an offshore entity incorporated in Bermuda for business purposes.,"366 Financial District, Switzerland"
ENT_00390,Offshore Entity 391,British Virgin Islands,2011-08-23,Trust,Bahamas Leaks,Inactive,This is an offshore entity incorporated in Luxembourg for business purposes.,"993 Financial District, Panama"
ENT_00391,Offshore Entity 392,Malta,2014-11-21,Other,Offshore Leaks,Dissolved,This is an offshore entity incorporated in Panama for business purposes.,"99 Financial District, British Virgin Islands"
ENT_00392,Offshore Entity 393,Bermuda,2008-04-20,Company,Panama Papers,Dissolved,This is an offshore entity incorporated in Panama for business purposes.,"169 Financial District, Switzerland"
ENT_00393,Offshore Entity 394,Luxembourg,2011-11-28,Trust,Offshore Leaks,Active,This is an offshore entity incorporated in British Virgin Islands for business purposes.,"981 Financial District, Bahamas"
ENT_00394,Offshore Entity 395,Luxembourg,2021-01-23,Company,Bahamas Leaks,Inactive,This is an offshore entity incorporated in Panama for business purposes.,"274 Financial District, Bahamas"
ENT_00395,Offshore Entity 396,British Virgin Islands,2016-12-14,Foundation,Paradise Papers,Dissolved,This is an offshore entity incorporated in British Virgin Islands for business purposes.,"103 Financial District, Cyprus"
ENT_00396,Offshore Entity 397,Bahamas,2022-02-23,Other,Bahamas Leaks,Inactive,This is an offshore entity incorporated in Luxembourg for business purposes.,"695 Financial District, Cyprus"
ENT_00397,Offshore Entity 398,Panama,2011-10-18,Company,Panama Papers,Inactive,This is an offshore entity incorporated in Bermuda for business purposes.,"447 Financial District, Malta"
ENT_00398,Offshore Entity 399,Bermuda,2015-12-31,Trust,Paradise Papers,Inactive,This is an offshore entity incorporated in Malta for business purposes.,"414 Financial District, Monaco"
ENT_00399,Offshore Entity 400,Malta,2019-01-15,Foundation,Offshore Leaks,Active,This is an offshore entity incorporated in Malta for business purposes.,"136 Financial District, Monaco"
ENT_00400,Offshore Entity 401,Bermuda,2007-12-22,Foundation,Bahamas Leaks,Dissolved,This is an offshore entity incorporated in Cyprus for business purposes.,"637 Financial District, British Virgin Islands"
ENT_00401,Offshore Entity 402,Bahamas,2017-10-26,Company,Panama Papers,Inactive,This is an offshore entity incorporated in Cayman Islands for business purposes.,"896 Financial District, Bahamas"
ENT_00402,Offshore Entity 403,Cayman Islands,2017-07-31,Company,Paradise Papers,Active,This is an offshore entity incorporated in Malta for business purposes.,"691 Financial District, Monaco"
ENT_00403,Offshore Entity 404,Monaco,2015-05-08,Foundation,Panama Papers,Dissolved,This is an offshore entity incorporated in Malta for business purposes.,"902 Financial District, Monaco"
ENT_00404,Offshore Entity 405,Monaco,2020-09-09,Foundation,Paradise Papers,Active,This is an offshore entity incorporated in Switzerland for business purposes.,"865 Financial District, British Virgin Islands"
ENT_00405,Offshore Entity 406,Bermuda,2013-01-24,Trust,Paradise Papers,Dissolved,This is an offshore entity incorporated in Monaco for business purposes.,"747 Financial District, Panama"
ENT_00406,Offshore Entity 407,Bahamas,2016-03-06,Other,Panama Papers,Dissolved,This is an offshore entity incorporated in Luxembourg for business purposes.,"837 Financial District, Malta"
ENT_00407,Offshore Entity 408,Cayman Islands,2019-07-12,Foundation,Offshore Leaks,Inactive,This is an offshore entity incorporated in Cyprus for business purposes.,"444 Financial District, Cyprus"
ENT_00408,Offshore Entity 409,Bermuda,2012-07-31,Trust,Panama Papers,Active,This is an offshore entity incorporated in British Virgin Islands for business purposes.,"805 Financial District, Bermuda"
ENT_00409,Offshore Entity 410,Cyprus,2011-02-11,Foundation,Bahamas Leaks,Active,This is an offshore entity incorporated in Monaco for business purposes.,"302 Financial District, Luxembourg"
ENT_00410,Offshore Entity 411,Cayman Islands,2019-03-14,Trust,Pandora Papers,Active,This is an offshore entity incorporated in Panama for business purposes.,"905 Financial District, Bermuda"
ENT_00411,Offshore Entity 412,Bahamas,2010-04-02,Company,Panama Papers,Dissolved,This is an offshore entity incorporated in British Virgin Islands for business purposes.,"292 Financial District, Luxembourg"
ENT_00412,Offshore Entity 413,Luxembourg,2015-11-18,Company,Bahamas Leaks,Dissolved,This is an offshore entity incorporated in Malta for business purposes.,"653 Financial District, Bermuda"
ENT_00413,Offshore Entity 414,Panama,2023-12-18,Trust,Panama Papers,Active,This is an offshore entity incorporated in Switzerland for business purposes.,"248 Financial District, Bahamas"
ENT_00414,Offshore Entity 415,Malta,2006-09-28,Company,Pandora Papers,Active,This is an offshore entity incorporated in Luxembourg for business purposes.,"143 Financial District, Cyprus"
ENT_00415,Offshore Entity 416,Bahamas,2019-04-30,Other,Paradise Papers,Dissolved,This is an offshore entity incorporated in Luxembourg for business purposes.,"423 Financial District, Cayman Islands"
ENT_00416,Offshore Entity 417,Malta,2013-02-21,Company,Paradise Papers,Dissolved,This is an offshore entity incorporated in Cyprus for business purposes.,"406 Financial District, Bermuda"
ENT_00417,Offshore Entity 418,Monaco,2013-09-04,Foundation,Pandora Papers,Active,This is an offshore entity incorporated in Panama for business purposes.,"159 Financial District, Malta"
ENT_00418,Offshore Entity 419,Cyprus,2015-05-23,Foundation,Offshore Leaks,Inactive,This is an offshore entity incorporated in British Virgin Islands for business purposes.,"728 Financial District, Panama"
ENT_00419,Offshore Entity 420,Malta,2014-04-08,Foundation,Pandora Papers,Dissolved,This is an offshore entity incorporated in Luxembourg for business purposes.,"249 Financial District, Cayman Islands"
ENT_00420,Offshore Entity 421,Cyprus,2015-06-24,Trust,Pandora Papers,Active,This is an offshore entity incorporated in Cyprus for business purposes.,"74 Financial District, British Virgin Islands"
ENT_00421,Offshore Entity 422,Switzerland,2021-11-24,Foundation,Offshore Leaks,Inactive,This is an offshore entity incorporated in Luxembourg for business purposes.,"181 Financial District, Bermuda"
ENT_00422,Offshore Entity 423,Malta,2013-06-18,Company,Pandora Papers,Inactive,This is an offshore entity incorporated in Panama for business purposes.,"306 Financial District, Malta"
ENT_00423,Offshore Entity 424,British Virgin Islands,2006-11-23,Trust,Pandora Papers,Dissolved,This is an offshore entity incorporated in Monaco for business purposes.,"371 Financial District, Malta"
ENT_00424,Offshore Entity 425,Monaco,2018-02-23,Trust,Pandora Papers,Inactive,This is an offshore entity incorporated in British Virgin Islands for business purposes.,"173 Financial District, Bermuda"
ENT_00425,Offshore Entity 426,Luxembourg,2007-08-14,Trust,Paradise Papers,Active,This is an offshore entity incorporated in Panama for business purposes.,"897 Financial District, Luxembourg"
ENT_00426,Offshore Entity 427,Panama,2012-01-06,Foundation,Pandora Papers,Inactive,This is an offshore entity incorporated in Cayman Islands for business purposes.,"268 Financial District, Cyprus"
ENT_00427,Offshore Entity 428,Monaco,2008-08-15,Company,Pandora Papers,Dissolved,This is an offshore entity incorporated in Luxembourg for business purposes.,"24 Financial District, Cayman Islands"
ENT_00428,Offshore Entity 429,British Virgin Islands,2022-07-20,Foundation,Paradise Papers,Active,This is an offshore entity incorporated in Panama for business purposes.,"663 Financial District, Cayman Islands"
ENT_00429,Offshore Entity 430,Bahamas,2007-07-11,Trust,Bahamas Leaks,Dissolved,This is an offshore entity incorporated in Malta for business purposes.,"46 Financial District, British Virgin Islands"
ENT_00430,Offshore Entity 431,Luxembourg,2008-11-18,Other,Bahamas Leaks,Inactive,This is an offshore entity incorporated in Panama for business purposes.,"303 Financial District, Monaco"
ENT_00431,Offshore Entity 432,Malta,2023-05-25,Foundation,Bahamas Leaks,Active,This is an offshore entity incorporated in Luxembourg for business purposes.,"119 Financial District, British Virgin Islands"
ENT_00432,Offshore Entity 433,Switzerland,2010-04-11,Foundation,Offshore Leaks,Inactive,This is an offshore entity incorporated in Malta for business purposes.,"565 Financial District, Monaco"
ENT_00433,Offshore Entity 434,Monaco,2005-11-16,Other,Bahamas Leaks,Dissolved,This is an offshore entity incorporated in Malta for business purposes.,"945 Financial District, Panama"
ENT_00434,Offshore Entity 435,Cayman Islands,2013-05-31,Company,Pandora Papers,Inactive,This is an offshore entity incorporated in Monaco for business purposes.,"711 Financial District, Luxembourg"
ENT_00435,Offshore Entity 436,Monaco,2012-06-10,Other,Pandora Papers,Active,This is an offshore entity incorporated in Luxembourg for business purposes.,"333 Financial District, Luxembourg"
ENT_00436,Offshore Entity 437,Cayman Islands,2015-06-02,Other,Pandora Papers,Inactive,This is an offshore entity incorporated in Cayman Islands for business purposes.,"811 Financial District, British Virgin Islands"
ENT_00437,Offshore Entity 438,Switzerland,2020-06-26,Other,Offshore Leaks,Active,This is an offshore entity incorporated in Switzerland for business purposes.,"301 Financial District, Cyprus"
ENT_00438,Offshore Entity 439,Cyprus,2018-02-20,Trust,Bahamas Leaks,Inactive,This is an offshore entity incorporated in Malta for business purposes.,"140 Financial District, Monaco"
ENT_00439,Offshore Entity 440,Bermuda,2016-08-26,Other,Paradise Papers,Dissolved,This is an offshore entity incorporated in Panama for business purposes.,"143 Financial District, Luxembourg"
ENT_00440,Offshore Entity 441,Bahamas,2021-10-09,Foundation,Panama Papers,Dissolved,This is an offshore entity incorporated in Cyprus for business purposes.,"970 Financial District, Cyprus"
ENT_00441,Offshore Entity 442,Switzerland,2016-11-20,Trust,Bahamas Leaks,Dissolved,This is an offshore entity incorporated in Monaco for business purposes.,"588 Financial District, Switzerland"
ENT_00442,Offshore Entity 443,Malta,2009-08-16,Foundation,Offshore Leaks,Dissolved,This is an offshore entity incorporated in Cayman Islands for business purposes.,"142 Financial District, Luxembourg"
ENT_00443,Offshore Entity 444,British Virgin Islands,2008-09-02,Other,Bahamas Leaks,Dissolved,This is an offshore entity incorporated in Monaco for business purposes.,"905 Financial District, Bahamas"
ENT_00444,Offshore Entity 445,Bahamas,2018-12-29,Other,Panama Papers,Active,This is an offshore entity incorporated in Panama for business purposes.,"268 Financial District, Cyprus"
ENT_00445,Offshore Entity 446,Cayman Islands,2013-01-10,Company,Offshore Leaks,Dissolved,This is an offshore entity incorporated in Panama for business purposes.,"153 Financial District, Malta"
ENT_00446,Offshore Entity 447,British Virgin Islands,2018-07-20,Trust,Offshore Leaks,Dissolved,This is an offshore entity incorporated in Switzerland for business purposes.,"590 Financial District, Bahamas"
ENT_00447,Offshore Entity 448,Cyprus,2020-08-03,Trust,Offshore Leaks,Inactive,This is an offshore entity incorporated in Cayman Islands for business purposes.,"778 Financial District, Luxembourg"
ENT_00448,Offshore Entity 449,Switzerland,2023-02-08,Other,Paradise Papers,Active,This is an offshore entity incorporated in Panama for business purposes.,"544 Financial District, Panama"
ENT_00449,Offshore Entity 450,Malta,2021-12-01,Foundation,Pandora Papers,Dissolved,This is an offshore entity incorporated in Cyprus for business purposes.,"262 Financial District, Switzerland"
ENT_00450,Offshore Entity 451,Luxembourg,2014-03-19,Trust,Paradise Papers,Active,This is an offshore entity incorporated in Monaco for business purposes.,"411 Financial District, Bermuda"
ENT_00451,Offshore Entity 452,Bermuda,2013-03-19,Foundation,Bahamas Leaks,Active,This is an offshore entity incorporated in Bahamas for business purposes.,"877 Financial District, Bermuda"
ENT_00452,Offshore Entity 453,Bermuda,2014-04-14,Company,Bahamas Leaks,Active,This is an offshore entity incorporated in Cyprus for business purposes.,"937 Financial District, Luxembourg"
ENT_00453,Offshore Entity 454,Luxembourg,2023-03-08,Trust,Panama Papers,Active,This is an offshore entity incorporated in Monaco for business purposes.,"321 Financial District, Bermuda"
ENT_00454,Offshore Entity 455,British Virgin Islands,2011-06-06,Company,Offshore Leaks,Active,This is an offshore entity incorporated in Bahamas for business purposes.,"456 Financial District, British Virgin Islands"
ENT_00455,Offshore Entity 456,Panama,2017-07-04,Foundation,Pandora Papers,Inactive,This is an offshore entity incorporated in Switzerland for business purposes.,"473 Financial District, Cyprus"
ENT_00456,Offshore Entity 457,Panama,2014-10-24,Trust,Paradise Papers,Inactive,This is an offshore entity incorporated in Switzerland for business purposes.,"166 Financial District, Cayman Islands"
ENT_00457,Offshore Entity 458,British Virgin Islands,2020-02-22,Trust,Bahamas Leaks,Inactive,This is an offshore entity incorporated in Cyprus for business purposes.,"826 Financial District, Switzerland"
ENT_00458,Offshore Entity 459,Bermuda,2007-07-10,Other,Offshore Leaks,Inactive,This is an offshore entity incorporated in Luxembourg for business purposes.,"611 Financial District, British Virgin Islands"
ENT_00459,Offshore Entity 460,Luxembourg,2010-01-05,Trust,Bahamas Leaks,Dissolved,This is an offshore entity incorporated in Monaco for business purposes.,"576 Financial District, Cayman Islands"
ENT_00460,Offshore Entity 461,Panama,2009-11-21,Company,Offshore Leaks,Inactive,This is an offshore entity incorporated in Bermuda for business purposes.,"236 Financial District, British Virgin Islands"
ENT_00461,Offshore Entity 462,Panama,2018-02-06,Other,Pandora Papers,Active,This is an offshore entity incorporated in Switzerland for business purposes.,"555 Financial District, Luxembourg"
ENT_00462,Offshore Entity 463,Cyprus,2012-01-02,Trust,Paradise Papers,Active,This is an offshore entity incorporated in Cayman Islands for business purposes.,"296 Financial District, Monaco"
ENT_00463,Offshore Entity 464,Malta,2006-09-01,Foundation,Bahamas Leaks,Active,This is an offshore entity incorporated in Bahamas for business purposes.,"916 Financial District, British Virgin Islands"
ENT_00464,Offshore Entity 465,Bermuda,2005-11-07,Trust,Panama Papers,Active,This is an offshore entity incorporated in Cyprus for business purposes.,"239 Financial District, Panama"
ENT_00465,Offshore Entity 466,Monaco,2018-04-20,Trust,Panama Papers,Inactive,This is an offshore entity incorporated in British Virgin Islands for business purposes.,"667 Financial District, Luxembourg"
ENT_00466,Offshore Entity 467,Luxembourg,2023-01-08,Trust,Panama Papers,Inactive,This is an offshore entity incorporated in Luxembourg for business purposes.,"13 Financial District, Bahamas"
ENT_00467,Offshore Entity 468,Panama,2009-08-13,Foundation,Offshore Leaks,Inactive,This is an offshore entity incorporated in British Virgin Islands for business purposes.,"677 Financial District, Monaco"
ENT_00468,Offshore Entity 469,Bermuda,2011-06-04,Company,Pandora Papers,Dissolved,This is an offshore entity incorporated in Malta for business purposes.,"962 Financial District, Switzerland"
ENT_00469,Offshore Entity 470,Panama,2014-04-17,Foundation,Panama Papers,Dissolved,This is an offshore entity incorporated in Bahamas for business purposes.,"358 Financial District, British Virgin Islands"
ENT_00470,Offshore Entity 471,Cyprus,2006-12-11,Trust,Bahamas Leaks,Dissolved,This is an offshore entity incorporated in Switzerland for business purposes.,"762 Financial District, Bahamas"
ENT_00471,Offshore Entity 472,Panama,2015-09-27,Foundation,Pandora Papers,Active,This is an offshore entity incorporated in Malta for business purposes.,"644 Financial District, Cyprus"
ENT_00472,Offshore Entity 473,Bahamas,2019-06-20,Company,Bahamas Leaks,Active,This is an offshore entity incorporated in Panama for business purposes.,"824 Financial District, Cyprus"
ENT_00473,Offshore Entity 474,Bermuda,2019-03-23,Foundation,Bahamas Leaks,Dissolved,This is an offshore entity incorporated in Malta for business purposes.,"300 Financial District, Bermuda"
ENT_00474,Offshore Entity 475,British Virgin Islands,2022-11-14,Trust,Offshore Leaks,Inactive,This is an offshore entity incorporated in Luxembourg for business purposes.,"238 Financial District, Bahamas"
ENT_00475,Offshore Entity 476,British Virgin Islands,2013-08-11,Foundation,Panama Papers,Inactive,This is an offshore entity incorporated in Malta for business purposes.,"910 Financial District, Monaco"
ENT_00476,Offshore Entity 477,Cyprus,2016-03-26,Other,Offshore Leaks,Dissolved,This is an offshore entity incorporated in Luxembourg for business purposes.,"817 Financial District, Bermuda"
ENT_00477,Offshore Entity 478,Luxembourg,2010-05-22,Company,Bahamas Leaks,Inactive,This is an offshore entity incorporated in Malta for business purposes.,"410 Financial District, Luxembourg"
ENT_00478,Offshore Entity 479,Cayman Islands,2022-07-15,Foundation,Panama Papers,Inactive,This is an offshore entity incorporated in Cayman Islands for business purposes.,"284 Financial District, Bermuda"
ENT_00479,Offshore Entity 480,Monaco,2005-08-15,Other,Panama Papers,Inactive,This is an offshore entity incorporated in Bermuda for business purposes.,"198 Financial District, Panama"
ENT_00480,Offshore Entity 481,Switzerland,2007-10-08,Foundation,Pandora Papers,Dissolved,This is an offshore entity incorporated in Cyprus for business purposes.,"623 Financial District, British Virgin Islands"
ENT_00481,Offshore Entity 482,Panama,2006-10-06,Other,Offshore Leaks,Inactive,This is an offshore entity incorporated in Panama for business purposes.,"239 Financial District, Bahamas"
ENT_00482,Offshore Entity 483,Monaco,2019-04-12,Trust,Bahamas Leaks,Dissolved,This is an offshore entity incorporated in Cayman Islands for business purposes.,"786 Financial District, Panama"
ENT_00483,Offshore Entity 484,Cyprus,2013-01-01,Other,Bahamas Leaks,Dissolved,This is an offshore entity incorporated in British Virgin Islands for business purposes.,"223 Financial District, Bahamas"
ENT_00484,Offshore Entity 485,Panama,2018-11-13,Foundation,Paradise Papers,Dissolved,This is an offshore entity incorporated in Bermuda for business purposes.,"469 Financial District, Bahamas"
ENT_00485,Offshore Entity 486,Switzerland,2006-10-01,Other,Panama Papers,Dissolved,This is an offshore entity incorporated in Malta for business purposes.,"745 Financial District, Bahamas"
ENT_00486,Offshore Entity 487,Malta,2020-02-16,Foundation,Paradise Papers,Inactive,This is an offshore entity incorporated in British Virgin Islands for business purposes.,"719 Financial District, Luxembourg"
ENT_00487,Offshore Entity 488,Bahamas,2019-12-08,Company,Bahamas Leaks,Active,This is an offshore entity incorporated in Monaco for business purposes.,"563 Financial District, Luxembourg"
ENT_00488,Offshore Entity 489,Panama,2006-01-21,Other,Offshore Leaks,Active,This is an offshore entity incorporated in Luxembourg for business purposes.,"270 Financial District, Cayman Islands"
ENT_00489,Offshore Entity 490,Luxembourg,2011-09-27,Trust,Paradise Papers,Dissolved,This is an offshore entity incorporated in Cayman Islands for business purposes.,"999 Financial District, British Virgin Islands"
ENT_00490,Offshore Entity 491,Switzerland,2013-10-10,Trust,Paradise Papers,Inactive,This is an offshore entity incorporated in British Virgin Islands for business purposes.,"86 Financial District, Bermuda"
ENT_00491,Offshore Entity 492,Cayman Islands,2020-07-05,Trust,Panama Papers,Dissolved,This is an offshore entity incorporated in Bermuda for business purposes.,"904 Financial District, Switzerland"
ENT_00492,Offshore Entity 493,Monaco,2013-10-30,Company,Panama Papers,Dissolved,This is an offshore entity incorporated in Malta for business purposes.,"471 Financial District, Cayman Islands"
ENT_00493,Offshore Entity 494,Luxembourg,2006-04-29,Company,Paradise Papers,Inactive,This is an offshore entity incorporated in British Virgin Islands for business purposes.,"413 Financial District, Panama"
ENT_00494,Offshore Entity 495,Cyprus,2012-07-12,Foundation,Panama Papers,Active,This is an offshore entity incorporated in Luxembourg for business purposes.,"400 Financial District, Malta"
ENT_00495,Offshore Entity 496,Bahamas,2014-07-20,Other,Pandora Papers,Inactive,This is an offshore entity incorporated in Panama for business purposes.,"194 Financial District, Bermuda"
ENT_00496,Offshore Entity 497,Switzerland,2008-10-22,Other,Offshore Leaks,Active,This is an offshore entity incorporated in Bahamas for business purposes.,"962 Financial District, Malta"
ENT_00497,Offshore Entity 498,British Virgin Islands,2015-12-01,Trust,Pandora Papers,Dissolved,This is an offshore entity incorporated in Cyprus for business purposes.,"246 Financial District, Panama"
ENT_00498,Offshore Entity 499,Cayman Islands,2022-01-11,Trust,Paradise Papers,Inactive,This is an offshore entity incorporated in Luxembourg for business purposes.,"488 Financial District, Panama"
ENT_00499,Offshore Entity 500,British Virgin Islands,2008-08-25,Other,Panama Papers,Inactive,This is an offshore entity incorporated in Monaco for business purposes.,"495 Financial District, British Virgin Islands"
